-- phpMyAdmin SQL Dump
-- version 4.6.6deb5
-- https://www.phpmyadmin.net/
--
-- Host: localhost:3306
-- Generation Time: Mar 12, 2020 at 04:18 PM
-- Server version: 5.7.29-0ubuntu0.18.04.1
-- PHP Version: 7.1.33-12+ubuntu18.04.1+deb.sury.org+1

SET SQL_MODE = "NO_AUTO_VALUE_ON_ZERO";
SET time_zone = "+00:00";


/*!40101 SET @OLD_CHARACTER_SET_CLIENT=@@CHARACTER_SET_CLIENT */;
/*!40101 SET @OLD_CHARACTER_SET_RESULTS=@@CHARACTER_SET_RESULTS */;
/*!40101 SET @OLD_COLLATION_CONNECTION=@@COLLATION_CONNECTION */;
/*!40101 SET NAMES utf8mb4 */;

--
-- Database: `vtrain`
--

-- --------------------------------------------------------

--
-- Table structure for table `category`
--

CREATE TABLE `category` (
  `id` int(11) UNSIGNED NOT NULL,
  `code` varchar(255) COLLATE utf8_unicode_ci DEFAULT NULL,
  `name` varchar(255) COLLATE utf8_unicode_ci DEFAULT NULL,
  `parent` int(11) DEFAULT '0',
  `slug` varchar(255) COLLATE utf8_unicode_ci DEFAULT NULL,
  `date_added` int(11) DEFAULT NULL,
  `last_modified` int(11) DEFAULT NULL,
  `font_awesome_class` varchar(255) COLLATE utf8_unicode_ci DEFAULT NULL,
  `thumbnail` varchar(255) COLLATE utf8_unicode_ci DEFAULT NULL
) ENGINE=InnoDB DEFAULT CHARSET=utf8 COLLATE=utf8_unicode_ci;

--
-- Dumping data for table `category`
--

INSERT INTO `category` (`id`, `code`, `name`, `parent`, `slug`, `date_added`, `last_modified`, `font_awesome_class`, `thumbnail`) VALUES
(1, '164cbee4bc', 'Development', 0, 'development', 1569177000, 1578594600, 'fab fa-chrome', '2a29e8db2b702f331786d00f3de989ad.jpg'),
(2, 'cc3c207a06', 'Business', 0, 'business', 1569177000, 1578594600, 'fas fa-briefcase', 'c07ae31f798f9101dea9d643d7e7fbaa.jpg'),
(3, 'aa538133cd', 'Finance &amp; Accounting', 0, 'finance-amp-accounting', 1569177000, 1578594600, 'far fa-money-bill-alt', 'ad6fef366d99382517b4ec704f93e87b.jpg'),
(4, 'ce1bacdfde', 'Web Development', 1, 'web-development', 1569177000, 1583909332, NULL, NULL),
(5, '8f967e8433', 'Finance', 2, 'finance', 1569177000, 1578594600, NULL, NULL),
(6, 'bb3669ef94', 'Accounting &amp; Bookkeeping', 3, 'accounting-amp-bookkeeping', 1569177000, 1578594600, NULL, NULL),
(7, '0c6473ca76', 'Data Science', 1, 'data-science', 1569177000, 1578594600, NULL, NULL),
(8, 'b605ff442c', 'Entrepreneurship', 2, 'entrepreneurship', 1569177000, 1578594600, NULL, NULL),
(9, '7149a0fa98', 'Compliance', 3, 'compliance', 1569177000, 1578594600, NULL, NULL),
(10, 'ed0ec47d9a', 'Manual Testing', 10, 'manual-testing', 1569177000, 1569177000, 'fas fa-chess', 'category-thumbnail.png'),
(12, 'd94c05db75', 'Design', 0, 'design', 1569177000, 1578594600, 'fab fa-asymmetrik', '98f209709f4d58cb8ce210761198c8e6.jpg'),
(13, 'dc4e73f44c', 'Marketing', 0, 'marketing', 1569177000, 1578594600, 'fab fa-adversal', 'd1eb1137a741440c8378cb9a0e9b88cc.jpg'),
(15, 'd77acaddbd', 'Lifestyle', 0, 'lifestyle', 1569177000, 1578594600, 'fas fa-bath', '94bbb0c459fd5320f6663f1893ebe725.jpg'),
(16, 'f6f0eafcbb', 'IT &amp; Software', 0, 'it-amp-software', 1569177000, 1578594600, 'fas fa-cloud', 'accda081e1e61883579e0e24a3c705c9.jpg'),
(18, 'e220976737', 'Web Design', 12, 'web-design', 1569177000, 1578594600, NULL, NULL),
(19, '8e17f7f62e', 'Graphic Design', 12, 'graphic-design', 1569177000, 1578594600, NULL, NULL),
(20, '77f3d3aecc', 'Digital Marketing', 13, 'digital-marketing', 1569177000, 1578594600, NULL, NULL),
(21, 'e952d21279', 'Arts &amp; Crafts', 15, 'arts-amp-crafts', 1569177000, 1578594600, NULL, NULL),
(22, '1ae215c555', 'Office Productivity', 0, 'office-productivity', 1569177000, 1578594600, 'fas fa-file-word', 'd791bf8f4dacedc44f52aaa6d214696a.jpg'),
(23, 'be2d61c89e', 'Microsoft', 22, 'microsoft', 1569177000, 1578594600, NULL, NULL),
(24, 'e55067d96f', 'Design Tools', 12, 'design-tools', 1569263400, 1578594600, NULL, NULL),
(25, 'ea86105a67', 'Personal Development', 0, 'personal-development', 1571250600, 1578594600, 'fas fa-lightbulb', 'f6c40b51abf93016e10a115f1dbf514c.jpg'),
(26, 'cf24fae68e', 'Personal Transformation', 25, 'personal-transformation', 1571250600, 1578594600, NULL, NULL),
(27, '60b4f06360', 'Productivity', 25, 'productivity', 1571250600, 1578594600, NULL, NULL),
(28, '49c3a172ee', 'Leadership', 25, 'leadership', 1571250600, 1578594600, NULL, NULL),
(29, '0c6e27bb90', 'Mobile Apps', 1, 'mobile-apps', 1578594600, 1578594600, NULL, NULL),
(30, '19b6d8f266', 'Programming Languages', 1, 'programming-languages', 1578594600, 1578594600, NULL, NULL),
(31, 'fd60185fa6', 'Game Development', 1, 'game-development', 1578594600, 1578594600, NULL, NULL),
(33, 'a25b2be8e1', 'Databases', 1, 'databases', 1578594600, 1578594600, NULL, NULL),
(34, '29d9a564c0', 'Software Testing', 1, 'software-testing', 1578594600, 1578594600, NULL, NULL),
(35, '5d2de4f576', 'Software Engineering', 1, 'software-engineering', 1578594600, 1578594600, NULL, NULL),
(36, '3c87b18455', 'Development Tools', 1, 'development-tools', 1578594600, 1578594600, NULL, NULL),
(37, '276d46dc4d', 'E-Commerce', 1, 'e-commerce', 1578594600, 1578594600, NULL, NULL),
(43, '323b98a39b', 'Communications', 2, 'communications', 1578594600, NULL, NULL, NULL),
(44, 'e58624e58b', 'Management', 2, 'management', 1578594600, NULL, NULL, NULL),
(45, '5f2ce37d94', 'Sales', 2, 'sales', 1578594600, NULL, NULL, NULL),
(46, '9e6a3e3b35', 'Strategy', 2, 'strategy', 1578594600, NULL, NULL, NULL),
(47, 'b0b4566b03', 'Operations', 2, 'operations', 1578594600, NULL, NULL, NULL),
(48, '5f34a1f994', 'Project Management', 2, 'project-management', 1578594600, NULL, NULL, NULL),
(49, '93a27c5ba0', 'Business Law', 2, 'business-law', 1578594600, NULL, NULL, NULL),
(50, '94dba813cf', 'Data &amp; Analytics', 2, 'data-amp-analytics', 1578594600, NULL, NULL, NULL),
(51, '8880ca0ded', 'Home Business', 2, 'home-business', 1578594600, NULL, NULL, NULL),
(52, 'f88b03c40e', 'Human Resources', 2, 'human-resources', 1578594600, NULL, NULL, NULL),
(53, '3862044857', 'Industry', 2, 'industry', 1578594600, NULL, NULL, NULL),
(54, 'e5060c4783', 'Media', 2, 'media', 1578594600, NULL, NULL, NULL),
(55, 'fd62c1ed20', 'Real Estate', 2, 'real-estate', 1578594600, NULL, NULL, NULL),
(56, 'b68c5cf732', 'Cryptocurrency &amp; Blockchain', 3, 'cryptocurrency-amp-blockchain', 1578594600, NULL, NULL, NULL),
(57, 'c5df6c756f', 'Economics', 3, 'economics', 1578594600, NULL, NULL, NULL),
(58, 'b78759f42c', 'Finance', 3, 'finance', 1578594600, NULL, NULL, NULL),
(59, '443a61991c', 'Finance Cert &amp; Exam Prep', 3, 'finance-cert-amp-exam-prep', 1578594600, NULL, NULL, NULL),
(60, 'b53a0f1cec', 'Financial Modeling &amp; Analysis', 3, 'financial-modeling-amp-analysis', 1578594600, NULL, NULL, NULL),
(61, '24f2536a1b', 'Investing &amp; Trading', 3, 'investing-amp-trading', 1578594600, NULL, NULL, NULL),
(62, 'd50b6d8b41', 'Money Management Tools', 3, 'money-management-tools', 1578594600, NULL, NULL, NULL),
(63, 'f81f7e9c8e', 'Taxes', 3, 'taxes', 1578594600, NULL, NULL, NULL),
(65, '0a1495097f', 'IT Certification', 16, 'it-certification', 1578594600, NULL, NULL, NULL),
(66, '5b67d8bd8d', 'Network &amp; Security', 16, 'network-amp-security', 1578594600, NULL, NULL, NULL),
(67, 'a5ee36ce80', 'Hardware', 16, 'hardware', 1578594600, NULL, NULL, NULL),
(68, '2a511f83cf', 'Operating Systems', 16, 'operating-systems', 1578594600, NULL, NULL, NULL),
(69, 'b06cd72ed2', 'Apple', 22, 'apple', 1578594600, NULL, NULL, NULL),
(70, '1aa20b2985', 'Google', 22, 'google', 1578594600, NULL, NULL, NULL),
(71, 'd7dccd1abf', 'SAP', 22, 'sap', 1578594600, NULL, NULL, NULL),
(72, '52b72e083d', 'Oracle', 22, 'oracle', 1578594600, NULL, NULL, NULL),
(73, '7c62c53bd3', 'Personal Finance', 25, 'personal-finance', 1578594600, NULL, NULL, NULL),
(74, 'c83614936b', 'Career Development', 25, 'career-development', 1578594600, NULL, NULL, NULL),
(75, '3135fe5d75', 'Parenting &amp; Relationships', 25, 'parenting-amp-relationships', 1578594600, NULL, NULL, NULL),
(76, '6902f5d338', 'Happiness', 25, 'happiness', 1578594600, NULL, NULL, NULL),
(77, 'b5f1e8fb36', 'Religion &amp; Spirituality', 25, 'religion-amp-spirituality', 1578594600, NULL, NULL, NULL),
(78, '50b6e277ad', 'Personal Brand Building', 25, 'personal-brand-building', 1578594600, NULL, NULL, NULL),
(79, '3ae30024dd', 'Creativity', 25, 'creativity', 1578594600, NULL, NULL, NULL),
(80, '34eae29e24', 'Influence', 25, 'influence', 1578594600, NULL, NULL, NULL),
(81, '8622e83d97', 'Self Esteem', 25, 'self-esteem', 1578594600, NULL, NULL, NULL),
(82, '42b2c51827', 'Stress Management', 25, 'stress-management', 1578594600, NULL, NULL, NULL),
(83, 'cdf24a116f', 'Memory &amp; Study Skills', 25, 'memory-amp-study-skills', 1578594600, NULL, NULL, NULL),
(84, '9c9383af3b', 'Motivation', 25, 'motivation', 1578594600, NULL, NULL, NULL),
(85, '26b7f551f9', 'User Experience', 12, 'user-experience', 1578594600, NULL, NULL, NULL),
(86, 'ff296d9d04', 'Game Design', 12, 'game-design', 1578594600, NULL, NULL, NULL),
(87, 'd9637bc421', 'Design Thinking', 12, 'design-thinking', 1578594600, NULL, NULL, NULL),
(88, '82ab58bcef', '3D &amp; Animation', 12, '3d-amp-animation', 1578594600, NULL, NULL, NULL),
(89, 'b60a519649', 'Fashion', 12, 'fashion', 1578594600, NULL, NULL, NULL),
(90, 'ec650e9c41', 'Architectural Design', 12, 'architectural-design', 1578594600, NULL, NULL, NULL),
(91, '54b7f3cf6c', 'Interior Design', 12, 'interior-design', 1578594600, NULL, NULL, NULL),
(93, 'd28d1f672b', 'Search Engine Optimization', 13, 'search-engine-optimization', 1578594600, NULL, NULL, NULL),
(94, '1a167a8fb1', 'Social Media Marketing', 13, 'social-media-marketing', 1578594600, NULL, NULL, NULL),
(95, '889b06ff7d', 'Branding', 13, 'branding', 1578594600, NULL, NULL, NULL),
(96, '43ab080c3a', 'Marketing Fundamentals', 13, 'marketing-fundamentals', 1578594600, NULL, NULL, NULL),
(97, '34a58dcf19', 'Analytics &amp; Automation', 13, 'analytics-amp-automation', 1578594600, NULL, NULL, NULL),
(98, 'b3456733a8', 'Public Relations', 13, 'public-relations', 1578594600, NULL, NULL, NULL),
(99, '8a7b4d4728', 'Advertising', 13, 'advertising', 1578594600, NULL, NULL, NULL),
(100, '8e0d12004f', 'Video &amp; Mobile Marketing', 13, 'video-amp-mobile-marketing', 1578594600, NULL, NULL, NULL),
(101, '984e9d2ca0', 'Content Marketing', 13, 'content-marketing', 1578594600, NULL, NULL, NULL),
(102, '4c52321f08', 'Growth Hacking', 13, 'growth-hacking', 1578594600, NULL, NULL, NULL),
(103, 'ae7f9c5174', 'Affiliate Marketing', 13, 'affiliate-marketing', 1578594600, NULL, NULL, NULL),
(104, '8ecb6c1420', 'Product Marketing', 13, 'product-marketing', 1578594600, NULL, NULL, NULL),
(105, '3a067dbaf1', 'Food &amp; Beverage', 15, 'food-amp-beverage', 1578594600, NULL, NULL, NULL),
(106, '5d4dd029dc', 'Beauty &amp; Makeup', 15, 'beauty-amp-makeup', 1578594600, NULL, NULL, NULL),
(107, 'be31d897bc', 'Travel', 15, 'travel', 1578594600, NULL, NULL, NULL),
(108, '346ef7b3ce', 'Gaming', 15, 'gaming', 1578594600, NULL, NULL, NULL),
(109, '5d7e2327a7', 'Home Improvement', 15, 'home-improvement', 1578594600, NULL, NULL, NULL),
(110, '467f44da76', 'Pet Care &amp; Training', 15, 'pet-care-amp-training', 1578594600, NULL, NULL, NULL),
(111, 'e9b53f670c', 'Photography', 0, 'photography', 1578594600, 1578594600, 'fas fa-camera-retro', '0d86c48f30642972e730a12c3ad30aca.jpg'),
(112, '0c1589603b', 'Health &amp; Fitness', 0, 'health-amp-fitness', 1578594600, 1578594600, 'far fa-futbol', '419cf647ed4e87c972328c7066e11538.jpg'),
(113, 'aae855d220', 'Music', 0, 'music', 1578594600, 1578594600, 'fas fa-music', 'bcdf63d0a3be2a66037c406a9cfdd404.jpg'),
(114, 'e39d6538c9', 'Teaching &amp; Academics', 0, 'teaching-amp-academics', 1578594600, 1578594600, 'fas fa-child', '8a8cc6816b0066c5839a19c4b8c900d8.jpg'),
(115, '5d79407dbe', 'test 234', 0, 'test-234', 1582569000, 1583908919, 'fab fa-ad', '1583908919.jpg'),
(116, '91f56082ee', 'bob', 115, 'bob', 1582569000, NULL, NULL, NULL);

-- --------------------------------------------------------

--
-- Table structure for table `ci_sessions`
--

CREATE TABLE `ci_sessions` (
  `id` varchar(40) COLLATE utf8_unicode_ci NOT NULL,
  `ip_address` varchar(45) COLLATE utf8_unicode_ci NOT NULL,
  `timestamp` int(10) UNSIGNED NOT NULL DEFAULT '0',
  `data` blob NOT NULL
) ENGINE=InnoDB DEFAULT CHARSET=utf8 COLLATE=utf8_unicode_ci;

--
-- Dumping data for table `ci_sessions`
--

INSERT INTO `ci_sessions` (`id`, `ip_address`, `timestamp`, `data`) VALUES
('o3p5vrikjormopo3it95rmd40siq2pea', '::1', 1580296291, 0x5f5f63695f6c6173745f726567656e65726174657c693a313538303239363239313b636172745f6974656d737c613a303a7b7d757365725f69647c733a323a223135223b726f6c655f69647c733a313a2232223b726f6c657c733a343a2255736572223b6e616d657c733a33333a2253616e646573685f53747564656e742050616e6772656b61725f53747564656e74223b757365725f6c6f67696e7c733a313a2231223b6c61796f75747c733a343a226c697374223b),
('2bkqb5buvd98ekutp93ceda7eudb7km8', '::1', 1580296631, 0x5f5f63695f6c6173745f726567656e65726174657c693a313538303239363633313b636172745f6974656d737c613a303a7b7d757365725f69647c733a323a223135223b726f6c655f69647c733a313a2232223b726f6c657c733a343a2255736572223b6e616d657c733a33333a2253616e646573685f53747564656e742050616e6772656b61725f53747564656e74223b757365725f6c6f67696e7c733a313a2231223b6c61796f75747c733a343a226c697374223b),
('geqv09jacdkgd8ne3d25r7ot9lholu26', '::1', 1580297264, 0x5f5f63695f6c6173745f726567656e65726174657c693a313538303239373236343b636172745f6974656d737c613a303a7b7d757365725f69647c733a323a223135223b726f6c655f69647c733a313a2232223b726f6c657c733a343a2255736572223b6e616d657c733a33333a2253616e646573685f53747564656e742050616e6772656b61725f53747564656e74223b757365725f6c6f67696e7c733a313a2231223b6c61796f75747c733a343a226c697374223b),
('u94be2sp73405tuilq81qi8h2bu71g1l', '::1', 1580297605, 0x5f5f63695f6c6173745f726567656e65726174657c693a313538303239373630353b636172745f6974656d737c613a303a7b7d757365725f69647c733a323a223135223b726f6c655f69647c733a313a2232223b726f6c657c733a343a2255736572223b6e616d657c733a33333a2253616e646573685f53747564656e742050616e6772656b61725f53747564656e74223b757365725f6c6f67696e7c733a313a2231223b6c61796f75747c733a343a226c697374223b),
('8q2469jn0n1bp02co9il1fhhkfqc9goq', '::1', 1580297925, 0x5f5f63695f6c6173745f726567656e65726174657c693a313538303239373932353b636172745f6974656d737c613a303a7b7d757365725f69647c733a323a223135223b726f6c655f69647c733a313a2232223b726f6c657c733a343a2255736572223b6e616d657c733a33333a2253616e646573685f53747564656e742050616e6772656b61725f53747564656e74223b757365725f6c6f67696e7c733a313a2231223b6c61796f75747c733a343a226c697374223b),
('to3dc9ilrnbp4ub8iojvg6la3rrhvmij', '::1', 1580298299, 0x5f5f63695f6c6173745f726567656e65726174657c693a313538303239383239393b636172745f6974656d737c613a303a7b7d757365725f69647c733a323a223135223b726f6c655f69647c733a313a2232223b726f6c657c733a343a2255736572223b6e616d657c733a33333a2253616e646573685f53747564656e742050616e6772656b61725f53747564656e74223b757365725f6c6f67696e7c733a313a2231223b6c61796f75747c733a343a226c697374223b),
('3m024gb88u28e3t820ru4p17tut00v0g', '::1', 1580298727, 0x5f5f63695f6c6173745f726567656e65726174657c693a313538303239383732373b636172745f6974656d737c613a303a7b7d757365725f69647c733a323a223135223b726f6c655f69647c733a313a2232223b726f6c657c733a343a2255736572223b6e616d657c733a33333a2253616e646573685f53747564656e742050616e6772656b61725f53747564656e74223b757365725f6c6f67696e7c733a313a2231223b6c61796f75747c733a343a226c697374223b),
('h174fkuhisvc9h695r8h8murhuo18op1', '::1', 1580299037, 0x5f5f63695f6c6173745f726567656e65726174657c693a313538303239393033373b636172745f6974656d737c613a303a7b7d757365725f69647c733a323a223135223b726f6c655f69647c733a313a2232223b726f6c657c733a343a2255736572223b6e616d657c733a33333a2253616e646573685f53747564656e742050616e6772656b61725f53747564656e74223b757365725f6c6f67696e7c733a313a2231223b6c61796f75747c733a343a226c697374223b),
('n8kcc8phrdbh94p98tedmskollnnoi2q', '::1', 1580299413, 0x5f5f63695f6c6173745f726567656e65726174657c693a313538303239393431333b636172745f6974656d737c613a303a7b7d757365725f69647c733a323a223135223b726f6c655f69647c733a313a2232223b726f6c657c733a343a2255736572223b6e616d657c733a33333a2253616e646573685f53747564656e742050616e6772656b61725f53747564656e74223b757365725f6c6f67696e7c733a313a2231223b6c61796f75747c733a343a226c697374223b),
('0t84158ftm3l3i35rqdr8rv30a6sade0', '::1', 1580299789, 0x5f5f63695f6c6173745f726567656e65726174657c693a313538303239393738393b636172745f6974656d737c613a303a7b7d757365725f69647c733a323a223135223b726f6c655f69647c733a313a2232223b726f6c657c733a343a2255736572223b6e616d657c733a33333a2253616e646573685f53747564656e742050616e6772656b61725f53747564656e74223b757365725f6c6f67696e7c733a313a2231223b6c61796f75747c733a343a226c697374223b),
('mhupkbi38sqtffp16lgl2b1sqac980pq', '::1', 1580300095, 0x5f5f63695f6c6173745f726567656e65726174657c693a313538303330303039353b636172745f6974656d737c613a303a7b7d757365725f69647c733a323a223135223b726f6c655f69647c733a313a2232223b726f6c657c733a343a2255736572223b6e616d657c733a33333a2253616e646573685f53747564656e742050616e6772656b61725f53747564656e74223b757365725f6c6f67696e7c733a313a2231223b6c61796f75747c733a343a226c697374223b),
('t19c4gu6clbbafabcchfcj1bo1e4oj6v', '::1', 1580300402, 0x5f5f63695f6c6173745f726567656e65726174657c693a313538303330303430323b636172745f6974656d737c613a303a7b7d757365725f69647c733a323a223135223b726f6c655f69647c733a313a2232223b726f6c657c733a343a2255736572223b6e616d657c733a33333a2253616e646573685f53747564656e742050616e6772656b61725f53747564656e74223b757365725f6c6f67696e7c733a313a2231223b6c61796f75747c733a343a226c697374223b),
('20isdrq97r41juqq40u3ncq2ql44sjts', '::1', 1580300781, 0x5f5f63695f6c6173745f726567656e65726174657c693a313538303330303738313b636172745f6974656d737c613a303a7b7d757365725f69647c733a323a223135223b726f6c655f69647c733a313a2232223b726f6c657c733a343a2255736572223b6e616d657c733a33333a2253616e646573685f53747564656e742050616e6772656b61725f53747564656e74223b757365725f6c6f67696e7c733a313a2231223b6c61796f75747c733a343a226c697374223b),
('g2bh2i3u00uu36vemcdhgi8v8tb876g1', '::1', 1580301230, 0x5f5f63695f6c6173745f726567656e65726174657c693a313538303330313233303b636172745f6974656d737c613a303a7b7d757365725f69647c733a323a223135223b726f6c655f69647c733a313a2232223b726f6c657c733a343a2255736572223b6e616d657c733a33333a2253616e646573685f53747564656e742050616e6772656b61725f53747564656e74223b757365725f6c6f67696e7c733a313a2231223b6c61796f75747c733a343a226c697374223b),
('5qj5cvpk7k4np06k4ogqlad66po0q6u7', '::1', 1580301562, 0x5f5f63695f6c6173745f726567656e65726174657c693a313538303330313536323b636172745f6974656d737c613a303a7b7d757365725f69647c733a323a223135223b726f6c655f69647c733a313a2232223b726f6c657c733a343a2255736572223b6e616d657c733a33333a2253616e646573685f53747564656e742050616e6772656b61725f53747564656e74223b757365725f6c6f67696e7c733a313a2231223b6c61796f75747c733a343a226c697374223b),
('ojv7c7ck49049khql7dqt1he1j7fmhpd', '::1', 1580301908, 0x5f5f63695f6c6173745f726567656e65726174657c693a313538303330313930383b636172745f6974656d737c613a303a7b7d757365725f69647c733a323a223135223b726f6c655f69647c733a313a2232223b726f6c657c733a343a2255736572223b6e616d657c733a33333a2253616e646573685f53747564656e742050616e6772656b61725f53747564656e74223b757365725f6c6f67696e7c733a313a2231223b6c61796f75747c733a343a226c697374223b),
('5es0ndkfidqflr2dk3tc341dblseqg2l', '::1', 1580302234, 0x5f5f63695f6c6173745f726567656e65726174657c693a313538303330323233343b636172745f6974656d737c613a303a7b7d757365725f69647c733a323a223135223b726f6c655f69647c733a313a2232223b726f6c657c733a343a2255736572223b6e616d657c733a33333a2253616e646573685f53747564656e742050616e6772656b61725f53747564656e74223b757365725f6c6f67696e7c733a313a2231223b6c61796f75747c733a343a226c697374223b),
('oamc4ifuuqev5ea1jp59v6qh9o9rcccl', '::1', 1580302568, 0x5f5f63695f6c6173745f726567656e65726174657c693a313538303330323536383b636172745f6974656d737c613a303a7b7d757365725f69647c733a323a223135223b726f6c655f69647c733a313a2232223b726f6c657c733a343a2255736572223b6e616d657c733a33333a2253616e646573685f53747564656e742050616e6772656b61725f53747564656e74223b757365725f6c6f67696e7c733a313a2231223b6c61796f75747c733a343a226c697374223b),
('qfkgbdaqd2thhkc8ghs33evl58ut4mkm', '::1', 1580302940, 0x5f5f63695f6c6173745f726567656e65726174657c693a313538303330323934303b636172745f6974656d737c613a303a7b7d757365725f69647c733a323a223135223b726f6c655f69647c733a313a2232223b726f6c657c733a343a2255736572223b6e616d657c733a33333a2253616e646573685f53747564656e742050616e6772656b61725f53747564656e74223b757365725f6c6f67696e7c733a313a2231223b6c61796f75747c733a343a226c697374223b),
('53n6hugmkv8ffi6e77r9gjmv2fjag3cj', '::1', 1580303245, 0x5f5f63695f6c6173745f726567656e65726174657c693a313538303330333234353b636172745f6974656d737c613a303a7b7d757365725f69647c733a323a223135223b726f6c655f69647c733a313a2232223b726f6c657c733a343a2255736572223b6e616d657c733a33333a2253616e646573685f53747564656e742050616e6772656b61725f53747564656e74223b757365725f6c6f67696e7c733a313a2231223b6c61796f75747c733a343a226c697374223b),
('2rc9sehbv9ip5r99o97tplc0rbeps3m6', '::1', 1580303822, 0x5f5f63695f6c6173745f726567656e65726174657c693a313538303330333832323b636172745f6974656d737c613a303a7b7d757365725f69647c733a323a223135223b726f6c655f69647c733a313a2232223b726f6c657c733a343a2255736572223b6e616d657c733a33333a2253616e646573685f53747564656e742050616e6772656b61725f53747564656e74223b757365725f6c6f67696e7c733a313a2231223b6c61796f75747c733a343a226c697374223b),
('l1p0ea8lmj9l0m2vk9e0hacucc2jlevd', '::1', 1580304187, 0x5f5f63695f6c6173745f726567656e65726174657c693a313538303330343138373b636172745f6974656d737c613a303a7b7d757365725f69647c733a323a223135223b726f6c655f69647c733a313a2232223b726f6c657c733a343a2255736572223b6e616d657c733a33333a2253616e646573685f53747564656e742050616e6772656b61725f53747564656e74223b757365725f6c6f67696e7c733a313a2231223b6c61796f75747c733a343a226c697374223b),
('otpmpitm9t5feno5kj6d22at61isc8qm', '::1', 1580304539, 0x5f5f63695f6c6173745f726567656e65726174657c693a313538303330343533393b636172745f6974656d737c613a303a7b7d757365725f69647c733a323a223135223b726f6c655f69647c733a313a2232223b726f6c657c733a343a2255736572223b6e616d657c733a33333a2253616e646573685f53747564656e742050616e6772656b61725f53747564656e74223b757365725f6c6f67696e7c733a313a2231223b6c61796f75747c733a343a226c697374223b),
('3se6tlprcdelopma2poq0fmdadbsq322', '::1', 1580305377, 0x5f5f63695f6c6173745f726567656e65726174657c693a313538303330353337373b636172745f6974656d737c613a303a7b7d757365725f69647c733a323a223135223b726f6c655f69647c733a313a2232223b726f6c657c733a343a2255736572223b6e616d657c733a33333a2253616e646573685f53747564656e742050616e6772656b61725f53747564656e74223b757365725f6c6f67696e7c733a313a2231223b6c61796f75747c733a343a226c697374223b),
('05rb57p94bihtnqsv5ijhd0tgufh73lr', '::1', 1580305755, 0x5f5f63695f6c6173745f726567656e65726174657c693a313538303330353735353b636172745f6974656d737c613a303a7b7d757365725f69647c733a323a223135223b726f6c655f69647c733a313a2232223b726f6c657c733a343a2255736572223b6e616d657c733a33333a2253616e646573685f53747564656e742050616e6772656b61725f53747564656e74223b757365725f6c6f67696e7c733a313a2231223b6c61796f75747c733a343a226c697374223b),
('60nicn2u8n0k1gqhv61jb9gl2q8tp0c9', '::1', 1580305937, 0x5f5f63695f6c6173745f726567656e65726174657c693a313538303330353735353b636172745f6974656d737c613a303a7b7d757365725f69647c733a323a223135223b726f6c655f69647c733a313a2232223b726f6c657c733a343a2255736572223b6e616d657c733a33333a2253616e646573685f53747564656e742050616e6772656b61725f53747564656e74223b757365725f6c6f67696e7c733a313a2231223b6c61796f75747c733a343a226c697374223b),
('lnjdufucgt9lgiv616of1rmt2imj67p8', '::1', 1580807279, 0x5f5f63695f6c6173745f726567656e65726174657c693a313538303830373237383b636172745f6974656d737c613a303a7b7d),
('cri5bn3gs5n1r128fvh8lpkknivfklmu', '::1', 1580807648, 0x5f5f63695f6c6173745f726567656e65726174657c693a313538303830373634383b636172745f6974656d737c613a303a7b7d757365725f69647c733a323a223135223b726f6c655f69647c733a313a2232223b726f6c657c733a343a2255736572223b6e616d657c733a33333a2253616e646573685f53747564656e742050616e6772656b61725f53747564656e74223b757365725f6c6f67696e7c733a313a2231223b),
('hi0m9kh20h1gc6hgckg5d9dooabn1bd1', '::1', 1580808074, 0x5f5f63695f6c6173745f726567656e65726174657c693a313538303830383037343b636172745f6974656d737c613a303a7b7d757365725f69647c733a323a223135223b726f6c655f69647c733a313a2232223b726f6c657c733a343a2255736572223b6e616d657c733a33333a2253616e646573685f53747564656e742050616e6772656b61725f53747564656e74223b757365725f6c6f67696e7c733a313a2231223b),
('ovo6ab15d4pkg0928p72lrdgoi1vhlnt', '::1', 1580808996, 0x5f5f63695f6c6173745f726567656e65726174657c693a313538303830383939363b636172745f6974656d737c613a303a7b7d757365725f69647c733a323a223135223b726f6c655f69647c733a313a2232223b726f6c657c733a343a2255736572223b6e616d657c733a33333a2253616e646573685f53747564656e742050616e6772656b61725f53747564656e74223b757365725f6c6f67696e7c733a313a2231223b),
('vr0m976ej4g9784esaqlr5hg2cmvffre', '::1', 1580809751, 0x5f5f63695f6c6173745f726567656e65726174657c693a313538303830393735313b636172745f6974656d737c613a303a7b7d757365725f69647c733a323a223135223b726f6c655f69647c733a313a2232223b726f6c657c733a343a2255736572223b6e616d657c733a33333a2253616e646573685f53747564656e742050616e6772656b61725f53747564656e74223b757365725f6c6f67696e7c733a313a2231223b),
('gcs5idigkuajjj77tca0g85sl3l2gbkc', '::1', 1580810271, 0x5f5f63695f6c6173745f726567656e65726174657c693a313538303831303237313b636172745f6974656d737c613a303a7b7d757365725f69647c733a323a223135223b726f6c655f69647c733a313a2232223b726f6c657c733a343a2255736572223b6e616d657c733a33333a2253616e646573685f53747564656e742050616e6772656b61725f53747564656e74223b757365725f6c6f67696e7c733a313a2231223b),
('tfmcafn2225j20v8f4so7ich6eh1hj3r', '::1', 1580810925, 0x5f5f63695f6c6173745f726567656e65726174657c693a313538303831303932353b636172745f6974656d737c613a303a7b7d757365725f69647c733a323a223135223b726f6c655f69647c733a313a2232223b726f6c657c733a343a2255736572223b6e616d657c733a33333a2253616e646573685f53747564656e742050616e6772656b61725f53747564656e74223b757365725f6c6f67696e7c733a313a2231223b),
('tf7a6sdg5fk397ttrdthmhmgof3p53vp', '::1', 1580811220, 0x5f5f63695f6c6173745f726567656e65726174657c693a313538303831313232303b636172745f6974656d737c613a303a7b7d757365725f69647c733a313a2231223b726f6c655f69647c733a313a2231223b726f6c657c733a353a2241646d696e223b6e616d657c733a31333a2261646d696e206d616e61676572223b61646d696e5f6c6f67696e7c733a313a2231223b),
('8h1t9glucnuskg4gcbfitbplurtojrdr', '::1', 1580812125, 0x5f5f63695f6c6173745f726567656e65726174657c693a313538303831323132353b636172745f6974656d737c613a303a7b7d757365725f69647c733a323a223135223b726f6c655f69647c733a313a2232223b726f6c657c733a343a2255736572223b6e616d657c733a33333a2253616e646573685f53747564656e742050616e6772656b61725f53747564656e74223b757365725f6c6f67696e7c733a313a2231223b),
('qnmlt1qbklruh371q8vso8np5ldppbqq', '::1', 1580811253, 0x5f5f63695f6c6173745f726567656e65726174657c693a313538303831313232303b636172745f6974656d737c613a303a7b7d757365725f69647c733a313a2231223b726f6c655f69647c733a313a2231223b726f6c657c733a353a2241646d696e223b6e616d657c733a31333a2261646d696e206d616e61676572223b61646d696e5f6c6f67696e7c733a313a2231223b666c6173685f6d6573736167657c733a32333a2253797374656d2073657474696e67732075706461746564223b5f5f63695f766172737c613a313a7b733a31333a22666c6173685f6d657373616765223b733a333a226f6c64223b7d),
('fa95n01lkg4i68s1p0fkk5enpc8uatlm', '::1', 1580812459, 0x5f5f63695f6c6173745f726567656e65726174657c693a313538303831323435393b636172745f6974656d737c613a303a7b7d757365725f69647c733a323a223135223b726f6c655f69647c733a313a2232223b726f6c657c733a343a2255736572223b6e616d657c733a33333a2253616e646573685f53747564656e742050616e6772656b61725f53747564656e74223b757365725f6c6f67696e7c733a313a2231223b),
('65k9cnce8707q0cu1flind8cg337cscb', '::1', 1580812848, 0x5f5f63695f6c6173745f726567656e65726174657c693a313538303831323834383b636172745f6974656d737c613a303a7b7d757365725f69647c733a323a223135223b726f6c655f69647c733a313a2232223b726f6c657c733a343a2255736572223b6e616d657c733a33333a2253616e646573685f53747564656e742050616e6772656b61725f53747564656e74223b757365725f6c6f67696e7c733a313a2231223b),
('coe8gadl26ifqfmf9gjapgue251fo6on', '::1', 1580813281, 0x5f5f63695f6c6173745f726567656e65726174657c693a313538303831333238313b636172745f6974656d737c613a303a7b7d757365725f69647c733a323a223135223b726f6c655f69647c733a313a2232223b726f6c657c733a343a2255736572223b6e616d657c733a33333a2253616e646573685f53747564656e742050616e6772656b61725f53747564656e74223b757365725f6c6f67696e7c733a313a2231223b),
('1fnh5ans48fkr0meh1debk99kj7idjqp', '::1', 1580816009, 0x5f5f63695f6c6173745f726567656e65726174657c693a313538303831363030393b636172745f6974656d737c613a303a7b7d757365725f69647c733a323a223135223b726f6c655f69647c733a313a2232223b726f6c657c733a343a2255736572223b6e616d657c733a33333a2253616e646573685f53747564656e742050616e6772656b61725f53747564656e74223b757365725f6c6f67696e7c733a313a2231223b),
('6fpia5ai7h9helo76uqsdsbpurqfbfeh', '::1', 1580816337, 0x5f5f63695f6c6173745f726567656e65726174657c693a313538303831363333373b636172745f6974656d737c613a303a7b7d757365725f69647c733a323a223135223b726f6c655f69647c733a313a2232223b726f6c657c733a343a2255736572223b6e616d657c733a33333a2253616e646573685f53747564656e742050616e6772656b61725f53747564656e74223b757365725f6c6f67696e7c733a313a2231223b),
('laocnqkkom8i35gcs1cvqdq8tvdulbsu', '::1', 1580816910, 0x5f5f63695f6c6173745f726567656e65726174657c693a313538303831363931303b636172745f6974656d737c613a303a7b7d757365725f69647c733a323a223135223b726f6c655f69647c733a313a2232223b726f6c657c733a343a2255736572223b6e616d657c733a33333a2253616e646573685f53747564656e742050616e6772656b61725f53747564656e74223b757365725f6c6f67696e7c733a313a2231223b),
('77lugavopvjm5turp5ft0gk6slk5utn5', '::1', 1580817459, 0x5f5f63695f6c6173745f726567656e65726174657c693a313538303831373435393b636172745f6974656d737c613a303a7b7d757365725f69647c733a323a223135223b726f6c655f69647c733a313a2232223b726f6c657c733a343a2255736572223b6e616d657c733a33333a2253616e646573685f53747564656e742050616e6772656b61725f53747564656e74223b757365725f6c6f67696e7c733a313a2231223b),
('cme5u1gbsmd8em824gla6n4li93mgle3', '::1', 1580817975, 0x5f5f63695f6c6173745f726567656e65726174657c693a313538303831373937353b636172745f6974656d737c613a303a7b7d757365725f69647c733a323a223135223b726f6c655f69647c733a313a2232223b726f6c657c733a343a2255736572223b6e616d657c733a33333a2253616e646573685f53747564656e742050616e6772656b61725f53747564656e74223b757365725f6c6f67696e7c733a313a2231223b),
('hbvfsblsh997d3jlk4jm19r7m3prlohb', '::1', 1580818802, 0x5f5f63695f6c6173745f726567656e65726174657c693a313538303831383830323b636172745f6974656d737c613a303a7b7d757365725f69647c733a323a223135223b726f6c655f69647c733a313a2232223b726f6c657c733a343a2255736572223b6e616d657c733a33333a2253616e646573685f53747564656e742050616e6772656b61725f53747564656e74223b757365725f6c6f67696e7c733a313a2231223b),
('t9k0bikm1t1bagt0tu4iocbgapg1msdb', '::1', 1580818899, 0x5f5f63695f6c6173745f726567656e65726174657c693a313538303831383830323b636172745f6974656d737c613a303a7b7d757365725f69647c733a323a223135223b726f6c655f69647c733a313a2232223b726f6c657c733a343a2255736572223b6e616d657c733a33333a2253616e646573685f53747564656e742050616e6772656b61725f53747564656e74223b757365725f6c6f67696e7c733a313a2231223b),
('njf86sfrbll2c3amm1b7hqug0bb0qq94', '::1', 1580819752, 0x5f5f63695f6c6173745f726567656e65726174657c693a313538303831393735313b636172745f6974656d737c613a303a7b7d),
('im9bd4udrbhoua5eaes26jrsqa0a5k8e', '::1', 1580896279, 0x5f5f63695f6c6173745f726567656e65726174657c693a313538303839363237393b636172745f6974656d737c613a303a7b7d757365725f69647c733a323a223135223b726f6c655f69647c733a313a2232223b726f6c657c733a343a2255736572223b6e616d657c733a33333a2253616e646573685f53747564656e742050616e6772656b61725f53747564656e74223b757365725f6c6f67696e7c733a313a2231223b),
('v2dnmfvjvthfcn6l48v7ekf7u00spc6b', '::1', 1580897075, 0x5f5f63695f6c6173745f726567656e65726174657c693a313538303839373037353b636172745f6974656d737c613a303a7b7d757365725f69647c733a323a223135223b726f6c655f69647c733a313a2232223b726f6c657c733a343a2255736572223b6e616d657c733a33333a2253616e646573685f53747564656e742050616e6772656b61725f53747564656e74223b757365725f6c6f67696e7c733a313a2231223b),
('jabcevn3rebofdjdoju3qqkuu40ppcf8', '::1', 1580897112, 0x5f5f63695f6c6173745f726567656e65726174657c693a313538303839373037353b636172745f6974656d737c613a303a7b7d757365725f69647c733a323a223135223b726f6c655f69647c733a313a2232223b726f6c657c733a343a2255736572223b6e616d657c733a33333a2253616e646573685f53747564656e742050616e6772656b61725f53747564656e74223b757365725f6c6f67696e7c733a313a2231223b),
('o1a969984nn5jqvrbgpmq4bmj7mpf92p', '::1', 1580905897, 0x5f5f63695f6c6173745f726567656e65726174657c693a313538303930353839373b636172745f6974656d737c613a303a7b7d757365725f69647c733a323a223135223b726f6c655f69647c733a313a2232223b726f6c657c733a343a2255736572223b6e616d657c733a33333a2253616e646573685f53747564656e742050616e6772656b61725f53747564656e74223b757365725f6c6f67696e7c733a313a2231223b),
('jdpi2a6p0p6n8nbd7ie6glo10aviouq0', '::1', 1580906253, 0x5f5f63695f6c6173745f726567656e65726174657c693a313538303930363235333b636172745f6974656d737c613a303a7b7d757365725f69647c733a323a223135223b726f6c655f69647c733a313a2232223b726f6c657c733a343a2255736572223b6e616d657c733a33333a2253616e646573685f53747564656e742050616e6772656b61725f53747564656e74223b757365725f6c6f67696e7c733a313a2231223b),
('h4rmsggq5jr82pr9143vipkr7rqa6gt4', '::1', 1580908325, 0x5f5f63695f6c6173745f726567656e65726174657c693a313538303930383332353b636172745f6974656d737c613a303a7b7d757365725f69647c733a323a223135223b726f6c655f69647c733a313a2232223b726f6c657c733a343a2255736572223b6e616d657c733a33333a2253616e646573685f53747564656e742050616e6772656b61725f53747564656e74223b757365725f6c6f67696e7c733a313a2231223b),
('fglai8ifullcsc3mh04683trn2tna0fi', '::1', 1580908810, 0x5f5f63695f6c6173745f726567656e65726174657c693a313538303930383831303b636172745f6974656d737c613a303a7b7d757365725f69647c733a323a223135223b726f6c655f69647c733a313a2232223b726f6c657c733a343a2255736572223b6e616d657c733a33333a2253616e646573685f53747564656e742050616e6772656b61725f53747564656e74223b757365725f6c6f67696e7c733a313a2231223b),
('hq13mpk5l6oipn21e2bnc69iv7a7fm21', '::1', 1580908932, 0x5f5f63695f6c6173745f726567656e65726174657c693a313538303930383831303b636172745f6974656d737c613a303a7b7d757365725f69647c733a323a223135223b726f6c655f69647c733a313a2232223b726f6c657c733a343a2255736572223b6e616d657c733a33333a2253616e646573685f53747564656e742050616e6772656b61725f53747564656e74223b757365725f6c6f67696e7c733a313a2231223b),
('boc5ukqtn84sp0vef016h5f1nvsm1fc6', '::1', 1581663000, 0x5f5f63695f6c6173745f726567656e65726174657c693a313538313636333030303b636172745f6974656d737c613a303a7b7d),
('4p2r94u95pa6lkt6vl3s60cr8sc0seg9', '::1', 1581663314, 0x5f5f63695f6c6173745f726567656e65726174657c693a313538313636333331343b636172745f6974656d737c613a303a7b7d6c61796f75747c733a343a226c697374223b757365725f69647c733a323a223135223b726f6c655f69647c733a313a2232223b726f6c657c733a343a2255736572223b6e616d657c733a33333a2253616e646573685f53747564656e742050616e6772656b61725f53747564656e74223b757365725f6c6f67696e7c733a313a2231223b),
('5ul6t8km1eonnjjlpt40d1md84r07qe4', '::1', 1581665074, 0x5f5f63695f6c6173745f726567656e65726174657c693a313538313636353037343b636172745f6974656d737c613a303a7b7d6c61796f75747c733a343a226c697374223b757365725f69647c733a323a223135223b726f6c655f69647c733a313a2232223b726f6c657c733a343a2255736572223b6e616d657c733a33333a2253616e646573685f53747564656e742050616e6772656b61725f53747564656e74223b757365725f6c6f67696e7c733a313a2231223b),
('mlcov4261lr9sgr9hu7ojqkr2clm2c6e', '::1', 1581665898, 0x5f5f63695f6c6173745f726567656e65726174657c693a313538313636353839383b636172745f6974656d737c613a303a7b7d6c61796f75747c733a343a226c697374223b757365725f69647c733a313a2231223b726f6c655f69647c733a313a2231223b726f6c657c733a353a2241646d696e223b6e616d657c733a31333a2261646d696e206d616e61676572223b61646d696e5f6c6f67696e7c733a313a2231223b),
('trrcjfou6kvagauidqqm57jrlqgbdv0n', '::1', 1581672801, 0x5f5f63695f6c6173745f726567656e65726174657c693a313538313637323830313b636172745f6974656d737c613a303a7b7d6c61796f75747c733a343a226c697374223b757365725f69647c733a313a2231223b726f6c655f69647c733a313a2231223b726f6c657c733a353a2241646d696e223b6e616d657c733a31333a2261646d696e206d616e61676572223b61646d696e5f6c6f67696e7c733a313a2231223b),
('lsk6p9nd69bakh3657kos6a1qfb5qmd7', '::1', 1581672801, 0x5f5f63695f6c6173745f726567656e65726174657c693a313538313637323830313b636172745f6974656d737c613a303a7b7d6c61796f75747c733a343a226c697374223b757365725f69647c733a313a2231223b726f6c655f69647c733a313a2231223b726f6c657c733a353a2241646d696e223b6e616d657c733a31333a2261646d696e206d616e61676572223b61646d696e5f6c6f67696e7c733a313a2231223b),
('li5v7ipim57vt2f3l5q4admv7ca97epk', '::1', 1581913135, 0x5f5f63695f6c6173745f726567656e65726174657c693a313538313931333133353b636172745f6974656d737c613a303a7b7d757365725f69647c733a323a223135223b726f6c655f69647c733a313a2232223b726f6c657c733a343a2255736572223b6e616d657c733a33333a2253616e646573685f53747564656e742050616e6772656b61725f53747564656e74223b757365725f6c6f67696e7c733a313a2231223b),
('cfl62ven5r8lo3280nnv6h1rb40kdqii', '::1', 1581913681, 0x5f5f63695f6c6173745f726567656e65726174657c693a313538313931333638303b636172745f6974656d737c613a303a7b7d757365725f69647c733a323a223135223b726f6c655f69647c733a313a2232223b726f6c657c733a343a2255736572223b6e616d657c733a33333a2253616e646573685f53747564656e742050616e6772656b61725f53747564656e74223b757365725f6c6f67696e7c733a313a2231223b),
('3m3fdb2no6q46hcs5e5d9imp5aoqfsv9', '::1', 1581914268, 0x5f5f63695f6c6173745f726567656e65726174657c693a313538313931343236383b636172745f6974656d737c613a303a7b7d757365725f69647c733a323a223135223b726f6c655f69647c733a313a2232223b726f6c657c733a343a2255736572223b6e616d657c733a33333a2253616e646573685f53747564656e742050616e6772656b61725f53747564656e74223b757365725f6c6f67696e7c733a313a2231223b),
('ffh9dpl91ev3q42dgau8kitjhrcm35dr', '::1', 1581918665, 0x5f5f63695f6c6173745f726567656e65726174657c693a313538313931383636353b636172745f6974656d737c613a303a7b7d757365725f69647c733a323a223135223b726f6c655f69647c733a313a2232223b726f6c657c733a343a2255736572223b6e616d657c733a33333a2253616e646573685f53747564656e742050616e6772656b61725f53747564656e74223b757365725f6c6f67696e7c733a313a2231223b),
('un6bk0n4usktiomvii36umrhmgbh5uh0', '::1', 1581919869, 0x5f5f63695f6c6173745f726567656e65726174657c693a313538313931393836393b636172745f6974656d737c613a303a7b7d),
('5s1iaku9k20rjo6iglmsahn3d7df01d7', '::1', 1581919919, 0x5f5f63695f6c6173745f726567656e65726174657c693a313538313931393836393b636172745f6974656d737c613a303a7b7d),
('tdmam7apjn8fur3v8cfae349s7u7k2b6', '::1', 1582001617, 0x5f5f63695f6c6173745f726567656e65726174657c693a313538323030313631373b636172745f6974656d737c613a303a7b7d),
('q4db00ojfblqb81mm0brc69t12p4fhua', '::1', 1582001635, 0x5f5f63695f6c6173745f726567656e65726174657c693a313538323030313631373b636172745f6974656d737c613a303a7b7d757365725f69647c733a313a2231223b726f6c655f69647c733a313a2231223b726f6c657c733a353a2241646d696e223b6e616d657c733a31333a2261646d696e206d616e61676572223b666c6173685f6d6573736167657c733a32313a2257656c636f6d652061646d696e206d616e61676572223b5f5f63695f766172737c613a313a7b733a31333a22666c6173685f6d657373616765223b733a333a226f6c64223b7d61646d696e5f6c6f67696e7c733a313a2231223b),
('6959qalodllvop1ecc1dh55rl0jfoh5h', '::1', 1582083503, 0x5f5f63695f6c6173745f726567656e65726174657c693a313538323038333530323b636172745f6974656d737c613a303a7b7d),
('k6s7lnp2e5nqm6l0506u0kh4qt0fmjn1', '::1', 1582172921, 0x5f5f63695f6c6173745f726567656e65726174657c693a313538323137323932313b636172745f6974656d737c613a303a7b7d),
('44aff8j7tll4skl35470g5ngbqi9582l', '::1', 1582180055, 0x5f5f63695f6c6173745f726567656e65726174657c693a313538323138303035353b636172745f6974656d737c613a303a7b7d),
('fjqdudn3k3dbt0ura4itghfkcr3ul8e5', '::1', 1582180427, 0x5f5f63695f6c6173745f726567656e65726174657c693a313538323138303432373b636172745f6974656d737c613a303a7b7d757365725f69647c733a313a2231223b726f6c655f69647c733a313a2231223b726f6c657c733a353a2241646d696e223b6e616d657c733a31333a2261646d696e206d616e61676572223b61646d696e5f6c6f67696e7c733a313a2231223b),
('37m2utd45pshr902ivt1rssrod1lj7if', '::1', 1582180411, 0x5f5f63695f6c6173745f726567656e65726174657c693a313538323138303238393b636172745f6974656d737c613a303a7b7d757365725f69647c733a323a223135223b726f6c655f69647c733a313a2232223b726f6c657c733a343a2255736572223b6e616d657c733a33333a2253616e646573685f53747564656e742050616e6772656b61725f53747564656e74223b757365725f6c6f67696e7c733a313a2231223b6c61796f75747c733a343a226c697374223b),
('0kqqicaoa22nkntmcm7sefm24lklrepe', '::1', 1582181241, 0x5f5f63695f6c6173745f726567656e65726174657c693a313538323138313234313b636172745f6974656d737c613a303a7b7d757365725f69647c733a313a2231223b726f6c655f69647c733a313a2231223b726f6c657c733a353a2241646d696e223b6e616d657c733a31333a2261646d696e206d616e61676572223b61646d696e5f6c6f67696e7c733a313a2231223b),
('ei5rr1u699a5rn2cq4773s2h55lmb3rs', '::1', 1582181246, 0x5f5f63695f6c6173745f726567656e65726174657c693a313538323138313234313b636172745f6974656d737c613a303a7b7d757365725f69647c733a313a2231223b726f6c655f69647c733a313a2231223b726f6c657c733a353a2241646d696e223b6e616d657c733a31333a2261646d696e206d616e61676572223b61646d696e5f6c6f67696e7c733a313a2231223b),
('db1eqtu73cspjs6djhmokhndtql1uaka', '::1', 1582287289, 0x5f5f63695f6c6173745f726567656e65726174657c693a313538323238373032383b636172745f6974656d737c613a303a7b7d757365725f69647c733a313a2231223b726f6c655f69647c733a313a2231223b726f6c657c733a353a2241646d696e223b6e616d657c733a31333a2261646d696e206d616e61676572223b61646d696e5f6c6f67696e7c733a313a2231223b),
('0mk8kaiji38ujoktsu8bfoi9pr1sqk6a', '::1', 1582515433, 0x5f5f63695f6c6173745f726567656e65726174657c693a313538323531353237303b636172745f6974656d737c613a303a7b7d757365725f69647c733a313a2231223b726f6c655f69647c733a313a2231223b726f6c657c733a353a2241646d696e223b6e616d657c733a31333a2261646d696e206d616e61676572223b666c6173685f6d6573736167657c733a32313a2257656c636f6d652061646d696e206d616e61676572223b5f5f63695f766172737c613a313a7b733a31333a22666c6173685f6d657373616765223b733a333a226f6c64223b7d61646d696e5f6c6f67696e7c733a313a2231223b),
('v9vfgp8b0q3rg3tojrgm15m8kco81d26', '::1', 1582608275, 0x5f5f63695f6c6173745f726567656e65726174657c693a313538323630383237353b636172745f6974656d737c613a303a7b7d757365725f69647c733a313a2231223b726f6c655f69647c733a313a2231223b726f6c657c733a353a2241646d696e223b6e616d657c733a31333a2261646d696e206d616e61676572223b666c6173685f6d6573736167657c733a32313a2257656c636f6d652061646d696e206d616e61676572223b5f5f63695f766172737c613a313a7b733a31333a22666c6173685f6d657373616765223b733a333a226f6c64223b7d61646d696e5f6c6f67696e7c733a313a2231223b),
('hgjba2o06dtjvd4oe60t70bl3eouqo90', '::1', 1582608797, 0x5f5f63695f6c6173745f726567656e65726174657c693a313538323630383739373b636172745f6974656d737c613a303a7b7d757365725f69647c733a313a2231223b726f6c655f69647c733a313a2231223b726f6c657c733a353a2241646d696e223b6e616d657c733a31333a2261646d696e206d616e61676572223b61646d696e5f6c6f67696e7c733a313a2231223b),
('o28tb1pe5vd47m9kv4mc094sk29f1cnb', '::1', 1582609718, 0x5f5f63695f6c6173745f726567656e65726174657c693a313538323630393731383b636172745f6974656d737c613a303a7b7d757365725f69647c733a313a2231223b726f6c655f69647c733a313a2231223b726f6c657c733a353a2241646d696e223b6e616d657c733a31333a2261646d696e206d616e61676572223b61646d696e5f6c6f67696e7c733a313a2231223b),
('5qfuorp3k60v7bq2i3cj4n8pqreu9oo3', '::1', 1582610024, 0x5f5f63695f6c6173745f726567656e65726174657c693a313538323631303032343b636172745f6974656d737c613a303a7b7d757365725f69647c733a313a2231223b726f6c655f69647c733a313a2231223b726f6c657c733a353a2241646d696e223b6e616d657c733a31333a2261646d696e206d616e61676572223b61646d696e5f6c6f67696e7c733a313a2231223b666c6173685f6d6573736167657c733a32333a2244617461206164646564207375636365737366756c6c79223b5f5f63695f766172737c613a313a7b733a31333a22666c6173685f6d657373616765223b733a333a226f6c64223b7d),
('d2p6ra4dphvr6pq5lecovfd3da1kvscn', '::1', 1582610338, 0x5f5f63695f6c6173745f726567656e65726174657c693a313538323631303333383b636172745f6974656d737c613a303a7b7d757365725f69647c733a313a2231223b726f6c655f69647c733a313a2231223b726f6c657c733a353a2241646d696e223b6e616d657c733a31333a2261646d696e206d616e61676572223b61646d696e5f6c6f67696e7c733a313a2231223b),
('bnj64dulimiqpepl6btt0loo769ncgkj', '::1', 1582610650, 0x5f5f63695f6c6173745f726567656e65726174657c693a313538323631303635303b636172745f6974656d737c613a303a7b7d757365725f69647c733a313a2231223b726f6c655f69647c733a313a2231223b726f6c657c733a353a2241646d696e223b6e616d657c733a31333a2261646d696e206d616e61676572223b61646d696e5f6c6f67696e7c733a313a2231223b),
('rhkfb2313gj0m6lg8bjhug50cqkgf1v3', '::1', 1582610650, 0x5f5f63695f6c6173745f726567656e65726174657c693a313538323631303635303b636172745f6974656d737c613a303a7b7d757365725f69647c733a313a2231223b726f6c655f69647c733a313a2231223b726f6c657c733a353a2241646d696e223b6e616d657c733a31333a2261646d696e206d616e61676572223b61646d696e5f6c6f67696e7c733a313a2231223b666c6173685f6d6573736167657c733a33343a224c6573736f6e20686173206265656e206164646564207375636365737366756c6c79223b5f5f63695f766172737c613a313a7b733a31333a22666c6173685f6d657373616765223b733a333a226f6c64223b7d),
('jmone72o261tnpuktsk96956g03i9u9g', '::1', 1582610751, 0x5f5f63695f6c6173745f726567656e65726174657c693a313538323631303636373b636172745f6974656d737c613a303a7b7d757365725f69647c733a323a223135223b726f6c655f69647c733a313a2232223b726f6c657c733a343a2255736572223b6e616d657c733a33333a2253616e646573685f53747564656e742050616e6772656b61725f53747564656e74223b757365725f6c6f67696e7c733a313a2231223b6c61796f75747c733a343a226c697374223b),
('d2undm4opcq4g8cpmgqpsl7d0jmqiknm', '::1', 1582688000, 0x5f5f63695f6c6173745f726567656e65726174657c693a313538323638373939363b636172745f6974656d737c613a303a7b7d),
('av9rqlhfkr24hjk3r0bldo9rsfm10quo', '::1', 1582777180, 0x5f5f63695f6c6173745f726567656e65726174657c693a313538323737373138303b636172745f6974656d737c613a303a7b7d),
('b5bkh5uae9u8g7g9e9ive74tqao6ire8', '::1', 1582780732, 0x5f5f63695f6c6173745f726567656e65726174657c693a313538323738303733323b636172745f6974656d737c613a303a7b7d757365725f69647c733a323a223135223b726f6c655f69647c733a313a2232223b726f6c657c733a343a2255736572223b6e616d657c733a33333a2253616e646573685f53747564656e742050616e6772656b61725f53747564656e74223b757365725f6c6f67696e7c733a313a2231223b),
('25ovfqpdegdnlrd1145ssroe44hc20fb', '::1', 1582780733, 0x5f5f63695f6c6173745f726567656e65726174657c693a313538323738303733323b636172745f6974656d737c613a303a7b7d),
('djc3do9ra0b0850d0v02c7erb4jeseh2', '::1', 1582868995, 0x5f5f63695f6c6173745f726567656e65726174657c693a313538323836383939353b636172745f6974656d737c613a303a7b7d757365725f69647c733a313a2231223b726f6c655f69647c733a313a2231223b726f6c657c733a353a2241646d696e223b6e616d657c733a31333a2261646d696e206d616e61676572223b61646d696e5f6c6f67696e7c733a313a2231223b),
('i8tbgtvtu7f73gtjb57onebig16kf7oh', '::1', 1582875172, 0x5f5f63695f6c6173745f726567656e65726174657c693a313538323837353137323b636172745f6974656d737c613a303a7b7d757365725f69647c733a313a2231223b726f6c655f69647c733a313a2231223b726f6c657c733a353a2241646d696e223b6e616d657c733a31333a2261646d696e206d616e61676572223b61646d696e5f6c6f67696e7c733a313a2231223b),
('mpfin7rmpjprij6tcd3f2p5irb612kvq', '::1', 1582876228, 0x5f5f63695f6c6173745f726567656e65726174657c693a313538323837363232383b636172745f6974656d737c613a303a7b7d757365725f69647c733a313a2231223b726f6c655f69647c733a313a2231223b726f6c657c733a353a2241646d696e223b6e616d657c733a31333a2261646d696e206d616e61676572223b61646d696e5f6c6f67696e7c733a313a2231223b),
('8jok8rdh7teqqklftgheiuld8bpfj6om', '::1', 1582876304, 0x5f5f63695f6c6173745f726567656e65726174657c693a313538323837363232383b636172745f6974656d737c613a303a7b7d757365725f69647c733a313a2231223b726f6c655f69647c733a313a2231223b726f6c657c733a353a2241646d696e223b6e616d657c733a31333a2261646d696e206d616e61676572223b61646d696e5f6c6f67696e7c733a313a2231223b),
('5aqb728ia59ua5etmhtnpm65kgueqbio', '::1', 1582884480, 0x5f5f63695f6c6173745f726567656e65726174657c693a313538323838343437343b636172745f6974656d737c613a303a7b7d),
('v94m8dq03mmorcqpieuj72ae9vgoeaf1', '::1', 1583216403, 0x5f5f63695f6c6173745f726567656e65726174657c693a313538333231363338363b636172745f6974656d737c613a303a7b7d),
('5o3t1l53fcveermauqcj9u3bsr3iniaa', '::1', 1583238563, 0x5f5f63695f6c6173745f726567656e65726174657c693a313538333233383535393b636172745f6974656d737c613a303a7b7d),
('1stuftp7v8ccn2r2u58g7o0l5702u8vq', '::1', 1583324801, 0x5f5f63695f6c6173745f726567656e65726174657c693a313538333332343738333b636172745f6974656d737c613a303a7b7d757365725f69647c733a313a2231223b726f6c655f69647c733a313a2231223b726f6c657c733a353a2241646d696e223b6e616d657c733a31333a2261646d696e206d616e61676572223b61646d696e5f6c6f67696e7c733a313a2231223b),
('00i8qgd2qieq12j078acfqenmsk7pqu1', '::1', 1583384503, 0x5f5f63695f6c6173745f726567656e65726174657c693a313538333338343530333b636172745f6974656d737c613a303a7b7d),
('ro9j5pbo5melidb3ce52iiv7qmgqdpie', '::1', 1583385362, 0x5f5f63695f6c6173745f726567656e65726174657c693a313538333338353336323b636172745f6974656d737c613a303a7b7d757365725f69647c733a313a2231223b726f6c655f69647c733a313a2231223b726f6c657c733a353a2241646d696e223b6e616d657c733a31333a2261646d696e206d616e61676572223b666c6173685f6d6573736167657c733a32313a2257656c636f6d652061646d696e206d616e61676572223b5f5f63695f766172737c613a313a7b733a31333a22666c6173685f6d657373616765223b733a333a226f6c64223b7d61646d696e5f6c6f67696e7c733a313a2231223b),
('k4pporgfe19mmm1svrfutfuvs2ec2ecd', '::1', 1583386434, 0x5f5f63695f6c6173745f726567656e65726174657c693a313538333338363433343b636172745f6974656d737c613a303a7b7d757365725f69647c733a313a2231223b726f6c655f69647c733a313a2231223b726f6c657c733a353a2241646d696e223b6e616d657c733a31333a2261646d696e206d616e61676572223b61646d696e5f6c6f67696e7c733a313a2231223b),
('2n6ct2n2i6kce7djb8g8ghhmv5l3ipg0', '::1', 1583386828, 0x5f5f63695f6c6173745f726567656e65726174657c693a313538333338363832383b636172745f6974656d737c613a303a7b7d757365725f69647c733a313a2231223b726f6c655f69647c733a313a2231223b726f6c657c733a353a2241646d696e223b6e616d657c733a31333a2261646d696e206d616e61676572223b61646d696e5f6c6f67696e7c733a313a2231223b),
('0nfh0chu4lcipglehg6ll9714kqci2ge', '::1', 1583388628, 0x5f5f63695f6c6173745f726567656e65726174657c693a313538333338383632383b636172745f6974656d737c613a303a7b7d757365725f69647c733a313a2231223b726f6c655f69647c733a313a2231223b726f6c657c733a353a2241646d696e223b6e616d657c733a31333a2261646d696e206d616e61676572223b61646d696e5f6c6f67696e7c733a313a2231223b),
('1l86t7pcae5fjd992da9i0mgfdu1mv05', '::1', 1583388630, 0x5f5f63695f6c6173745f726567656e65726174657c693a313538333338383632383b636172745f6974656d737c613a303a7b7d757365725f69647c733a313a2231223b726f6c655f69647c733a313a2231223b726f6c657c733a353a2241646d696e223b6e616d657c733a31333a2261646d696e206d616e61676572223b61646d696e5f6c6f67696e7c733a313a2231223b),
('kol765hjcnf793j7pr5lnij5d4t61iif', '::1', 1583468360, 0x5f5f63695f6c6173745f726567656e65726174657c693a313538333436383336303b636172745f6974656d737c613a303a7b7d757365725f69647c733a313a2231223b726f6c655f69647c733a313a2231223b726f6c657c733a353a2241646d696e223b6e616d657c733a31333a2261646d696e206d616e61676572223b61646d696e5f6c6f67696e7c733a313a2231223b),
('22upp6dtcfilqnp5jcfvpmtjhk0jmsco', '::1', 1583468439, 0x5f5f63695f6c6173745f726567656e65726174657c693a313538333436383336303b636172745f6974656d737c613a303a7b7d757365725f69647c733a313a2231223b726f6c655f69647c733a313a2231223b726f6c657c733a353a2241646d696e223b6e616d657c733a31333a2261646d696e206d616e61676572223b61646d696e5f6c6f67696e7c733a313a2231223b),
('eve9o54ovcbi81o1495tmmbtkmok75mb', '::1', 1583986943, 0x5f5f63695f6c6173745f726567656e65726174657c693a313538333938363934323b636172745f6974656d737c613a303a7b7d),
('599bl4bnn7jiml2msvgb8rec19ul404g', '::1', 1583987984, 0x5f5f63695f6c6173745f726567656e65726174657c693a313538333938373938343b636172745f6974656d737c613a303a7b7d);

-- --------------------------------------------------------

--
-- Table structure for table `comment`
--

CREATE TABLE `comment` (
  `id` int(11) UNSIGNED NOT NULL,
  `body` longtext COLLATE utf8_unicode_ci,
  `user_id` int(11) DEFAULT NULL,
  `commentable_id` int(11) DEFAULT NULL,
  `commentable_type` varchar(50) COLLATE utf8_unicode_ci DEFAULT NULL,
  `date_added` int(11) DEFAULT NULL,
  `last_modified` int(11) DEFAULT NULL
) ENGINE=InnoDB DEFAULT CHARSET=utf8 COLLATE=utf8_unicode_ci;

-- --------------------------------------------------------

--
-- Table structure for table `course`
--

CREATE TABLE `course` (
  `id` int(11) UNSIGNED NOT NULL,
  `title` varchar(255) COLLATE utf8_unicode_ci DEFAULT NULL,
  `short_description` longtext COLLATE utf8_unicode_ci,
  `description` longtext COLLATE utf8_unicode_ci,
  `outcomes` longtext COLLATE utf8_unicode_ci,
  `language` varchar(255) COLLATE utf8_unicode_ci DEFAULT NULL,
  `category_id` int(11) DEFAULT NULL,
  `sub_category_id` int(11) DEFAULT NULL,
  `section` longtext COLLATE utf8_unicode_ci,
  `requirements` longtext COLLATE utf8_unicode_ci,
  `price` double DEFAULT NULL,
  `discount_flag` int(11) DEFAULT '0',
  `discounted_price` int(11) DEFAULT NULL,
  `level` varchar(50) COLLATE utf8_unicode_ci DEFAULT NULL,
  `user_id` int(11) DEFAULT NULL,
  `thumbnail` varchar(255) COLLATE utf8_unicode_ci DEFAULT NULL,
  `video_url` varchar(255) COLLATE utf8_unicode_ci DEFAULT NULL,
  `date_added` int(11) DEFAULT NULL,
  `last_modified` int(11) DEFAULT NULL,
  `visibility` int(11) DEFAULT NULL,
  `is_top_course` int(11) DEFAULT '0',
  `is_admin` int(11) DEFAULT NULL,
  `status` varchar(255) COLLATE utf8_unicode_ci DEFAULT NULL,
  `course_overview_provider` varchar(255) COLLATE utf8_unicode_ci DEFAULT NULL,
  `meta_keywords` longtext COLLATE utf8_unicode_ci,
  `meta_description` longtext COLLATE utf8_unicode_ci,
  `is_free_course` int(11) DEFAULT NULL
) ENGINE=InnoDB DEFAULT CHARSET=utf8 COLLATE=utf8_unicode_ci;

--
-- Dumping data for table `course`
--

INSERT INTO `course` (`id`, `title`, `short_description`, `description`, `outcomes`, `language`, `category_id`, `sub_category_id`, `section`, `requirements`, `price`, `discount_flag`, `discounted_price`, `level`, `user_id`, `thumbnail`, `video_url`, `date_added`, `last_modified`, `visibility`, `is_top_course`, `is_admin`, `status`, `course_overview_provider`, `meta_keywords`, `meta_description`, `is_free_course`) VALUES
(1, 'Learn Python in a nutshell', 'Learn Python like a Professional! Start from the basics and go all the way to creating your own applications and games! ', '<div class=\"js-simple-collapse-inner\"><div class=\"what-you-get__content\"><ul class=\"what-you-get__items \"><li class=\"what-you-get__item what-you-get__item--columns\"><span class=\"what-you-get__text\">Learn to use Python professionally, learning both Python 2 and Python 3!</span>\r\n</li>\r\n<li class=\"what-you-get__item what-you-get__item--columns\">\r\n<span class=\"udi udi-check what-you-get__icon\"></span>\r\n<span class=\"what-you-get__text\">Create games with Python, like Tic Tac Toe and Blackjack!</span>\r\n</li>\r\n<li class=\"what-you-get__item what-you-get__item--columns\">\r\n<span class=\"udi udi-check what-you-get__icon\"></span>\r\n<span class=\"what-you-get__text\">Learn advanced Python features, like the collections module and how to work with timestamps!</span>\r\n</li>\r\n<li class=\"what-you-get__item what-you-get__item--columns\">\r\n<span class=\"udi udi-check what-you-get__icon\"></span>\r\n<span class=\"what-you-get__text\">Learn to use Object Oriented Programming with classes!</span>\r\n</li>\r\n<li class=\"what-you-get__item what-you-get__item--columns\">\r\n<span class=\"udi udi-check what-you-get__icon\"></span>\r\n<span class=\"what-you-get__text\">Understand complex topics, like decorators.</span>\r\n</li>\r\n<li class=\"what-you-get__item what-you-get__item--columns\">\r\n<span class=\"udi udi-check what-you-get__icon\"></span>\r\n<span class=\"what-you-get__text\">Understand how to use both the Jupyter Notebook and create .py files</span>\r\n</li>\r\n<li class=\"what-you-get__item what-you-get__item--columns\">\r\n<span class=\"udi udi-check what-you-get__icon\"></span>\r\n<span class=\"what-you-get__text\">Get an understanding of how to create GUIs in the Jupyter Notebook system!</span>\r\n</li>\r\n<li class=\"what-you-get__item what-you-get__item--columns\">\r\n<span class=\"udi udi-check what-you-get__icon\"></span>\r\n <span class=\"what-you-get__text\">Build a complete understanding of Python from the ground up!</span>\r\n</li>\r\n</ul>\r\n</div>\r\n</div>', '[\"Professional\"]', 'english', 1, 4, '[3]', '[\"Graduate\"]', 100, NULL, 90, 'beginner', 1, NULL, 'https://www.youtube.com/watch?v=_uQrJ0TkZlc', 1569177000, 1571337000, NULL, 0, 1, 'active', 'youtube', '', 'learn python', NULL),
(2, 'Selenium', 'Learn Basic and Advanced Selenium ', '', '[]', 'english', 13, 20, '[4]', '[\"Must be Graduate\"]', 0, NULL, 0, 'beginner', 1, NULL, '', 1569177000, 1571337000, NULL, 0, 1, 'active', '', '', '', NULL),
(3, 'HTML 5', 'Learn Web Designing', '<p><span xss=removed>Hypertext Markup Language revision 5 (</span><b xss=removed>HTML5</b><span xss=removed>) is markup language for the structure and presentation of World Wide Web contents.</span><b xss=removed>HTML5</b><span xss=removed>supports the traditional HTML and XHTML-style syntax and other new features in its markup, New APIs, XHTML and error handling.</span><br></p>', '[]', 'bengali', 12, 18, '[5]', '[\"Graduate\"]', 0, NULL, 0, 'advanced', 1, NULL, '', 1569177000, 1571337000, NULL, 0, 1, 'active', '', '', '', 1),
(4, 'WordPress Theme Development with Bootstrap', 'Learn how to confidently develop custom & profitable Responsive WordPress Themes and Websites with no prior experience.', '<p xss=\"removed\" xss=removed><span xss=\"removed\"><span xss=removed>Do you want to supercharge your HTML, CSS & PHP knowledge and learn how to turn them into a real business that can make you more money as a freelancer?</span></span><br></p><p xss=\"removed\" xss=removed>Whether you\'re a freelance designer, entrepreneur, employee for a company, code hobbyist, or looking for a new career  this course gives you an immensely valuable skill that will enable you to either:</p><p xss=\"removed\" xss=removed><span xss=\"removed\"><span xss=removed>Make money on the side</span></span></p><p xss=\"removed\" xss=removed>So you can save up for that Hawaiian vacation you\'ve been wanting, help pay off your debt, your car, your mortgage, or simply just to have bonus cash laying around.</p>', '[\"Have the skills to start making money on the side, as a casual freelancer, or full time as a work-from-home freelancer\",\"Easily create a beautiful HTML & CSS website with Bootstrap (that doesn\'t look like generic Bootstrap websites!)\"]', 'english', 12, 24, '[1]', '[\"Have a basic understanding of HTML, CSS and PHP (all courses I offer)\",\"Have access to a code editor, free or otherwise. I suggest Coda 2, as that\'s the editor I use exclusively.\",\"An Internet connection is required.\"]', 50, 1, 25, 'intermediate', 1, NULL, 'https://www.youtube.com/watch?v=hnCmSXCZEpU', 1569263400, 1571337000, NULL, 1, 1, 'active', 'youtube', 'wordpress ,theme development', 'This course is for those who are self-driven and take action! The skills you will learn in this course will allow you to create an income on the side, or build a full-time business creating custom WordPress websites for clients.', NULL),
(5, 'User Experience Design Essentials - Adobe XD UI UX Design', 'Use XD to get a job in UI Design, User Interface, User Experience design, UX design & Web Design', '<p xss=\"removed\" xss=removed><span xss=\"removed\"><span xss=removed>Are you excited to get into the world of UI/UXbut you don\'t know where to start?This course will allow you to add UXdesigner to your CV& start getting paid for your new skills.</span></span></p><p xss=\"removed\" xss=removed>Hi there! My name is Dan & Im an Adobe Certified Instructor. Im here to help you learn Adobe XD efficiently and comprehensively. XD is a fantastic design tool used by industry professionals to product high quality & functional mockups. By the end of this course, you will be able to produce practical and effective User Experience (UX) and User Interface (UI) designs.</p>', '[\"Become a UX designer.\"]', 'english', 22, 23, '[6]', '[\"No previous design experience is needed.\",\"You will need a copy of Adobe XD 2019 or above. A free trial can be downloaded from Adobe.\"]', 70, NULL, 0, 'beginner', 5, NULL, '', 1569263400, 1571337000, NULL, 1, 0, 'active', '', 'UI UX', 'One of the awesome new features of XD is micro-interactions. Ill be teaching you all about those and how to use them to grow icons and scenes.', NULL),
(6, 'Sewing 101', 'Building A Strong Sewing Foundation', '<p xss=\"removed\" xss=removed>This course follows the same format that I have used to teach hundreds of people how to sew in my studio, fabric stores and schools for over 15 years.</p><p xss=\"removed\" xss=removed>Were starting right from the beginning, so dont worry if youve never sewn before. And if youve been sewing for a while, but without much guidance or without a strong technical focus, I\'m sure youll notice your skills and your finished projects improve significantly</p>', '[\"Learn sewing machine basics\",\"Learn a multitude of stitches and seam finishes\"]', 'hindi', 25, 28, '[2]', '[\"Sewing Machine\",\"Scissors, Tape Measure, Straight Pins, Fabric Scissors, All-Purpose craft scissors,\"]', 30, 1, 12, 'beginner', 1, NULL, 'https://www.youtube.com/watch?v=Ef_aZLd9hOk', 1571250600, 1571337000, NULL, 1, 1, 'active', 'youtube', ' Sewing,Fashion', '', NULL),
(21, 'course 1', 'course 1', '<p>course 1<br></p>', '[\"out1\"]', 'english', 1, 7, '[9]', '[\"req1\"]', 100, NULL, 99, 'advanced', 1, NULL, '1575974231file_example_MP4_480_1_5MG.mp4', 1575932400, 1575932400, NULL, 0, 1, 'active', 'video_upload', 'meta', 'meta', NULL),
(23, 'ccc', 'ccc', '<p>ccc</p>', '[\"cc\"]', 'english', 1, 7, '[10]', '[\"cc\"]', 0, NULL, 0, 'beginner', 14, NULL, '1575979962video1.mp4', 1575932400, NULL, NULL, NULL, 0, 'pending', 'video_upload', 'vv', 'vv', 1),
(24, 'cc', 'cc', '<p>cc</p>', '[\"cc\"]', 'bengali', 1, 4, '[8]', '[\"cc\"]', 100, NULL, 99, 'beginner', 1, NULL, '1576042540video1.mp4', 1575932400, 1576018800, NULL, 0, 1, 'active', 'video_upload', 'vv', 'vv', NULL),
(25, 'PHP', 'Full PHP Course', '<p><strong xss=removed>Lorem Ipsum</strong><span xss=removed>is simply dummy text of the printing and typesetting industry. Lorem Ipsum has been the industry\'s standard dummy text ever since the 1500s, when an unknown printer took a galley of type and scrambled it to make a type specimen book. It has survived not only five centuries, but also the leap into electronic typesetting, remaining essentially unchanged. It was popularised in the 1960s with the release of Letraset sheets containing Lorem Ipsum passages, and more recently with desktop publishing software like Aldus PageMaker including versions of Lorem Ipsum.</span><br></p>', '[\"Full featured PHP course\",\"Basic to advanced level knowledge\",\"Also included MYSQL database handling techniques\"]', 'english', 1, 7, '[11]', '[\"Should have basic understanding of C programming language.\",\"Basic understanding of HTML, CSS, Javascript, Jquery, etc.\"]', 4000, 1, 3500, 'intermediate', 1, NULL, '1576129524file_example_MP4_640_3MG.mp4', 1576105200, NULL, NULL, 1, 1, 'active', 'video_upload', 'php', 'php', NULL),
(26, 'Learn Python Programming Masterclass', 'This Python For Beginners Course Teaches You The Python Language Fast. Includes Python Online Training With Python 3', '<p xss=removed>Whether you want to:</p><p xss=removed>- build the skills you need to get your firstPython programming job</p><p xss=removed>- move to a more senior software developer position</p><p xss=removed>- get started with Machine Learning, Data Science, Django or other hot areas that Python specialises in</p><p xss=removed>- or just learn Python to be able to create your own Python apps quickly.</p><p xss=removed>then you need a solid foundation in Python programming. And this course is designed to give you those core skills, fast.</p><p xss=removed>This course is aimed at complete beginners who have never programmed before, as well as existing programmers who want to increase their career options by learning Python.</p><p xss=removed>The fact is, Python is one of the most popular programming languages in the world  Huge companies like Google use it in mission critical applications like Google Search.</p><p xss=removed>And Python is the number one language choice for machine learning, data science and artificial intelligence. To get those high paying jobs you need an expert knowledge of Python, and thats what you will get from this course.</p><p xss=removed>By the end of the course youll be able to apply in confidence for Python programming jobs. And yes, this applies even if you have never programmed before. With the right skills which you will learn in this course, you can become employable and valuable in the eyes of future employers.</p><p xss=removed>Heres what a few students have told us about the course after going through it.</p><p xss=removed>I had very limited programming experience before I started this course, so I have really learned a lot from the first few sections. It has taken me from essentially zero programming skill to a level where I\'m comfortable using Python to analyze data for my lab reports, and I\'m not even halfway done the course yet. There are other courses out there which focus on data analysis, but those courses are usually targeted at people who already know how to program which is why I chose this course instead.   Christian DiMaria<br><br>I have been puttering through your Python course . In that time, though, and without finishing it yet I\'ve been able to automate quite a bit at my work. I work in a school system and unifying data from our various student information systems can be incredibly frustrating, time consuming, and at times challenging. Using your course, I\'ve learned enough to write applications that turn massive text files into dictionaries that get \"stitched\" together like a database and output to properly formatted CSV files and then uploaded via SFTP to various systems for secure processing. Our teachers, students, and the tech department have greatly benefitted from this automation. I just wanted to drop you a note thanking you for helping me learn this skill.  Keith Medlin<br><br>This course was great. Within 3 weeks I was able to write my own database related applications.  Theo Coenen<br><br>And there are many more students who love the course  check out all the reviews for yourself.</p><p xss=removed><span xss=removed>Will this course give you core python skills?</span></p><p xss=removed>Yes it will. There are a range of exciting opportunities for Python developers. All of them require a solid understanding of Python, and thats what you will learn in this course.</p><p xss=removed><span xss=removed>Will the course teach me data science, machine learning and artificial intelligence?</span></p><p xss=removed>No, it wont do that  All of these topics are branches of Python programming. And all of them require a solid understanding of the Python language.</p><p xss=removed>Nearly all courses on these topics assume that you understand Python, and without it you will quickly become lost and confused.</p><p xss=removed>This course will give you that core, solid understanding of the Python programming language.</p><p xss=removed>By the end of the course you will be ready to apply for Python programming positions as well as move on to specific areas of Python, as listed above.</p><p xss=removed><span xss=removed>Why should you take this course?</span></p><p xss=removed>There are a lot of Python courses on Udemy  Your instructors, Tim and Jean-Paul are pretty unique in that between them they have around 70 years of professional programming experience. Thats more than a lifetime of skills you get to learn Python from.</p><p xss=removed>You can enrol in the course safe in the knowledge that they are not just teachers, but professional programmers with real commercial programming experience, having worked with big companies like IBM, Mitsubishi, Fujitsu and Saab in the past.</p><p xss=removed>As such you will not only be learning Python, but you will be learning industry best practices for Python programming that real employers demand.</p><p xss=removed>And if thats not enough take a read of some of the many reviews from happy students  there are around 100,000 students who have left around 19,000 reviews.</p><p xss=removed>This is one of the most popular courses on Python programming on Udemy.</p><p xss=removed><span xss=removed>Heres just some of what youll learn</span></p><p xss=removed>(Its okay if you dont understand all this yet, you will in the course)</p><p xss=removed> All the essential Python keywords, operators, statements, and expressions needed to fully understand exactly what youre coding and why - making programming easy to grasp and less frustrating</p><p xss=removed> You will learn the answers to questions like What is the Python For Loop, what is Python used for, how Python switch the traditional syntax of code, and more.</p><p xss=removed> Complete chapters on object-oriented programming and many other aspects of Python, including tKInter (for building GUI Interfaces) and using databases with Python.</p><p xss=removed> Although this is primarily a Python 3 course, a python developer will need to work with Python 2 projects from time to time  Well show the difference in both versions to make sure you understand how things work differently in each version.</p><p xss=removed> How to develop powerful Python applications using one of the most powerful Integrated Development Environments on the market, IntelliJ IDEA! - Meaning you can code functional programs easier. <span xss=removed>IntelliJ</span>has both a<span xss=removed>FREE</span>andPAID version, and you can use either in this course. PyCharm will also work just fine.</p><p xss=removed>(Dont worry if you want to use another IDE. Youre free to use any IDE and still get the most out of this course).<br><br><span xss=removed>Does the course get updated?</span></p><p xss=removed>Its no secret how technology is advancing at a rapid rate. New, more powerful hardware and software are being released<em>every day</em>, meaning its crucial to stay on top with the latest knowledge.<br><br>A lot of other courses on Udemy get released once, and never get updated. Learning from an outdated course and/or an outdated version of Python can be counter productive and even worse it could teach you the wrong way to do things.</p><p xss=removed>For example if you apply some parts of Python 2 to Python 3 code, you will get completely different results.</p><p xss=removed>We cover differences like this in the course and also continually update the course as well.</p><p xss=removed><span xss=removed><em>What if you have questions?</em></span></p><p xss=removed>As if this course wasnt complete enough, we offer<span xss=removed>full support</span>, answering any questions you have<span xss=removed>7 days a week</span>(whereas many instructors answer just once per week,<em>or not at all</em>).</p><p xss=removed>This means youll never find yourself stuck on one lesson for days on end. With our hand-holding guidance, youll progress smoothly through this course without any major roadblocks.</p><p xss=removed>Thats just one reason why Tim was voted<span xss=removed>top 10 in the Udemy instructor awards</span>(out of a whopping 18,000 instructors), and quickly became a top-rated, bestselling instructor on the Udemy site. </p><p xss=removed><em>Student Quote: </em>Tim and JP are excellent teachers and are constantly answering questions and surveying students on new topics they will like to learn. This isn\'t a Python course its THE Python course you need.  Sean Burger</p><p xss=removed><span xss=removed><em>Theres no risk either!</em></span></p><p xss=removed>This course comes with a<span xss=removed>full 30 day money-back guarantee</span>. Meaning if you are not completely satisfied with the course or your progress, simply let Tim or J-P know and they will refund you 100%, every last penny no questions asked.</p><p xss=removed>You either end up with Python skills, go on to develop great programs and potentially make an awesome career for yourself, or you try the course and simply get all your money back if you dont like it</p><p xss=removed><span xss=removed>You literally cant lose.</span></p><p xss=removed><span xss=removed>Ready to get started, developer?</span></p><p xss=removed><span xss=removed>Enrol now</span>using the Add to Cart button on the right, and get started on your way to creative, advanced Python brilliance. Or, take this course for a free spin using the preview feature, so you know youre 100', '[\"Have a fundamental understanding of the Python programming language.\",\"Acquire the pre-requisite Python skills to move into specific branches - Machine Learning, Data Science, etc..\",\"Understand how to create your own Python programs.\",\"Have the skills and understanding of Python to confidently apply for Python programming jobs.\",\"Add the Python Object-Oriented Programming (OOP) skills to your r\\u00e9sum\\u00e9.\",\"Learn Python from experienced professional software developers.\"]', 'english', 1, 4, '[]', '[\"You\\u2019ve either already got it or it\\u2019s FREE. Here\\u2019s the checklist:\",\"A computer - Windows, Mac, and Linux are all supported. Setup and installation instructions are included for each platform.\",\"Your enthusiasm to learn this go-to programming language. It\\u2019s a valuable lifetime skill which you can\\u2019t un-learn!\",\"Everything else needed to start programming in Python is already included in the course.\"]', 9600, 1, 360, 'advanced', 16, NULL, 'https://www.youtube.com/watch?v=_uQrJ0TkZlc', 1578508200, 1578594600, NULL, 1, 0, 'active', 'youtube', 'python, python course, python learning', 'This Python For Beginners Course Teaches You The Python Language  Fast.  Includes Python Online Training With Python 3', NULL),
(27, 'PHP 2', 'PHP 2', '<p>PHP 2 desc<br></p>', '[\"out1\"]', 'english', 1, 7, '[]', '[\"req1\"]', 200, 1, 2, 'advanced', 1, NULL, '1580280835file_example_MP4_480_1_5MG.mp4', 1580252400, 1580252400, NULL, 1, 1, 'active', 'video_upload', 'meta', 'meta desc', NULL),
(28, 'php3', 'php3 short desc', '<p>php3 desc<br></p>', '[\"o1\"]', 'english', 1, 7, '[]', '[\"req1\"]', 250, 1, 5, 'beginner', 16, NULL, '', 1580252400, NULL, NULL, 1, 0, 'active', 'youtube', 'meta', 'meta desc', NULL),
(29, 'test', 'lorem ipsum', '<p>sf sef</p>', '[\"test\"]', 'english', 1, 4, '[]', '[\"test\"]', 0, NULL, 0, 'beginner', 1, NULL, '', 1582137000, NULL, NULL, NULL, 1, 'active', 'youtube', '', '', 1),
(30, 'test bob', 'loem ipsum loem ipsum loem ipsum loem ipsum loem ipsum loem ipsum ', '<p>loem ipsum loem ipsum loem ipsum loem ipsum loem ipsum loem ipsumloem ipsum loem ipsum loem ipsum loem ipsum loem ipsum loem ipsumloem ipsum loem ipsum loem ipsum loem ipsum loem ipsum loem ipsumloem ipsum loem ipsum loem ipsum loem ipsum loem ipsum loem ipsumloem ipsum loem ipsum loem ipsum loem ipsum loem ipsum loem ipsumloem ipsum loem ipsum loem ipsum loem ipsum loem ipsum loem ipsum<br></p>', '[]', 'english', 115, 116, '[12]', '[]', 0, NULL, 0, 'beginner', 1, NULL, '', 1582569000, NULL, NULL, NULL, 1, 'active', 'youtube', '', '', 1);

-- --------------------------------------------------------

--
-- Table structure for table `currency`
--

CREATE TABLE `currency` (
  `id` int(11) NOT NULL,
  `name` varchar(255) DEFAULT NULL,
  `code` varchar(255) DEFAULT NULL,
  `symbol` varchar(255) DEFAULT NULL,
  `paypal_supported` int(11) DEFAULT NULL,
  `stripe_supported` int(11) DEFAULT NULL
) ENGINE=InnoDB DEFAULT CHARSET=utf8;

--
-- Dumping data for table `currency`
--

INSERT INTO `currency` (`id`, `name`, `code`, `symbol`, `paypal_supported`, `stripe_supported`) VALUES
(1, 'Leke', 'ALL', 'Lek', 0, 1),
(2, 'Dollars', 'USD', '$', 1, 1),
(3, 'Afghanis', 'AFN', '', 0, 1),
(4, 'Pesos', 'ARS', '$', 0, 1),
(5, 'Guilders', 'AWG', '', 0, 1),
(6, 'Dollars', 'AUD', '$', 1, 1),
(7, 'New Manats', 'AZN', '', 0, 1),
(8, 'Dollars', 'BSD', '$', 0, 1),
(9, 'Dollars', 'BBD', '$', 0, 1),
(10, 'Rubles', 'BYR', 'p.', 0, 0),
(11, 'Euro', 'EUR', '', 1, 1),
(12, 'Dollars', 'BZD', 'BZ$', 0, 1),
(13, 'Dollars', 'BMD', '$', 0, 1),
(14, 'Bolivianos', 'BOB', '$b', 0, 1),
(15, 'Convertible Marka', 'BAM', 'KM', 0, 1),
(16, 'Pula', 'BWP', 'P', 0, 1),
(17, 'Leva', 'BGN', '', 0, 1),
(18, 'Reais', 'BRL', 'R$', 1, 1),
(19, 'Pounds', 'GBP', '', 1, 1),
(20, 'Dollars', 'BND', '$', 0, 1),
(21, 'Riels', 'KHR', '', 0, 1),
(22, 'Dollars', 'CAD', '$', 1, 1),
(23, 'Dollars', 'KYD', '$', 0, 1),
(24, 'Pesos', 'CLP', '$', 0, 1),
(25, 'Yuan Renminbi', 'CNY', '', 0, 1),
(26, 'Pesos', 'COP', '$', 0, 1),
(27, 'Coln', 'CRC', '', 0, 1),
(28, 'Kuna', 'HRK', 'kn', 0, 1),
(29, 'Pesos', 'CUP', '', 0, 0),
(30, 'Koruny', 'CZK', 'K', 1, 1),
(31, 'Kroner', 'DKK', 'kr', 1, 1),
(32, 'Pesos', 'DOP ', 'RD$', 0, 1),
(33, 'Dollars', 'XCD', '$', 0, 1),
(34, 'Pounds', 'EGP', '', 0, 1),
(35, 'Colones', 'SVC', '$', 0, 0),
(36, 'Pounds', 'FKP', '', 0, 1),
(37, 'Dollars', 'FJD', '$', 0, 1),
(38, 'Cedis', 'GHC', '', 0, 0),
(39, 'Pounds', 'GIP', '', 0, 1),
(40, 'Quetzales', 'GTQ', 'Q', 0, 1),
(41, 'Pounds', 'GGP', '', 0, 0),
(42, 'Dollars', 'GYD', '$', 0, 1),
(43, 'Lempiras', 'HNL', 'L', 0, 1),
(44, 'Dollars', 'HKD', '$', 1, 1),
(45, 'Forint', 'HUF', 'Ft', 1, 1),
(46, 'Kronur', 'ISK', 'kr', 0, 1),
(47, 'Rupees', 'INR', 'Rp', 1, 1),
(48, 'Rupiahs', 'IDR', 'Rp', 0, 1),
(49, 'Rials', 'IRR', '', 0, 0),
(50, 'Pounds', 'IMP', '', 0, 0),
(51, 'New Shekels', 'ILS', '', 1, 1),
(52, 'Dollars', 'JMD', 'J$', 0, 1),
(53, 'Yen', 'JPY', '', 1, 1),
(54, 'Pounds', 'JEP', '', 0, 0),
(55, 'Tenge', 'KZT', '', 0, 1),
(56, 'Won', 'KPW', '', 0, 0),
(57, 'Won', 'KRW', '', 0, 1),
(58, 'Soms', 'KGS', '', 0, 1),
(59, 'Kips', 'LAK', '', 0, 1),
(60, 'Lati', 'LVL', 'Ls', 0, 0),
(61, 'Pounds', 'LBP', '', 0, 1),
(62, 'Dollars', 'LRD', '$', 0, 1),
(63, 'Switzerland Francs', 'CHF', 'CHF', 1, 1),
(64, 'Litai', 'LTL', 'Lt', 0, 0),
(65, 'Denars', 'MKD', '', 0, 1),
(66, 'Ringgits', 'MYR', 'RM', 1, 1),
(67, 'Rupees', 'MUR', '', 0, 1),
(68, 'Pesos', 'MXN', '$', 1, 1),
(69, 'Tugriks', 'MNT', '', 0, 1),
(70, 'Meticais', 'MZN', 'MT', 0, 1),
(71, 'Dollars', 'NAD', '$', 0, 1),
(72, 'Rupees', 'NPR', '', 0, 1),
(73, 'Guilders', 'ANG', '', 0, 1),
(74, 'Dollars', 'NZD', '$', 1, 1),
(75, 'Cordobas', 'NIO', 'C$', 0, 1),
(76, 'Nairas', 'NGN', '', 0, 1),
(77, 'Krone', 'NOK', 'kr', 1, 1),
(78, 'Rials', 'OMR', '', 0, 0),
(79, 'Rupees', 'PKR', '', 0, 1),
(80, 'Balboa', 'PAB', 'B/.', 0, 1),
(81, 'Guarani', 'PYG', 'Gs', 0, 1),
(82, 'Nuevos Soles', 'PEN', 'S/.', 0, 1),
(83, 'Pesos', 'PHP', 'Php', 1, 1),
(84, 'Zlotych', 'PLN', 'z', 1, 1),
(85, 'Rials', 'QAR', '', 0, 1),
(86, 'New Lei', 'RON', 'lei', 0, 1),
(87, 'Rubles', 'RUB', '', 1, 1),
(88, 'Pounds', 'SHP', '', 0, 1),
(89, 'Riyals', 'SAR', '', 0, 1),
(90, 'Dinars', 'RSD', '.', 0, 1),
(91, 'Rupees', 'SCR', '', 0, 1),
(92, 'Dollars', 'SGD', '$', 1, 1),
(93, 'Dollars', 'SBD', '$', 0, 1),
(94, 'Shillings', 'SOS', 'S', 0, 1),
(95, 'Rand', 'ZAR', 'R', 0, 1),
(96, 'Rupees', 'LKR', '', 0, 1),
(97, 'Kronor', 'SEK', 'kr', 1, 1),
(98, 'Dollars', 'SRD', '$', 0, 1),
(99, 'Pounds', 'SYP', '', 0, 0),
(100, 'New Dollars', 'TWD', 'NT$', 1, 1),
(101, 'Baht', 'THB', '', 1, 1),
(102, 'Dollars', 'TTD', 'TT$', 0, 1),
(103, 'Lira', 'TRY', 'TL', 0, 1),
(104, 'Liras', 'TRL', '', 0, 0),
(105, 'Dollars', 'TVD', '$', 0, 0),
(106, 'Hryvnia', 'UAH', '', 0, 1),
(107, 'Pesos', 'UYU', '$U', 0, 1),
(108, 'Sums', 'UZS', '', 0, 1),
(109, 'Bolivares Fuertes', 'VEF', 'Bs', 0, 0),
(110, 'Dong', 'VND', '', 0, 1),
(111, 'Rials', 'YER', '', 0, 1),
(112, 'Zimbabwe Dollars', 'ZWD', 'Z$', 0, 0);

-- --------------------------------------------------------

--
-- Table structure for table `enrol`
--

CREATE TABLE `enrol` (
  `id` int(11) UNSIGNED NOT NULL,
  `user_id` int(11) DEFAULT NULL,
  `course_id` int(11) DEFAULT NULL,
  `date_added` int(11) DEFAULT NULL,
  `last_modified` int(11) DEFAULT NULL
) ENGINE=InnoDB DEFAULT CHARSET=utf8 COLLATE=utf8_unicode_ci;

--
-- Dumping data for table `enrol`
--

INSERT INTO `enrol` (`id`, `user_id`, `course_id`, `date_added`, `last_modified`) VALUES
(1, 2, 3, 1569177000, NULL),
(2, 2, 1, 1569263400, NULL),
(3, 2, 4, 1569263400, NULL),
(4, 5, 3, 1569263400, NULL),
(5, 8, 3, 1569263400, NULL),
(6, 4, 4, 1571250600, NULL),
(7, 2, 6, 1571250600, NULL),
(8, 3, 2, 1571250600, NULL),
(9, 3, 1, 1571337000, NULL),
(10, 3, 3, 1571337000, NULL),
(11, 3, 5, 1571337000, NULL),
(12, 5, 21, 1575932400, NULL),
(13, 7, 21, 1575932400, NULL),
(14, 15, 25, 1576105200, NULL),
(15, 17, 26, 1578508200, NULL),
(16, 17, 25, 1578508200, NULL),
(17, 17, 5, 1578508200, NULL),
(18, 15, 26, 1578594600, NULL),
(19, 17, 6, 1578594600, NULL),
(20, 17, 2, 1578594600, NULL),
(21, 17, 24, 1578594600, NULL),
(22, 8, 26, 1578594600, NULL),
(23, 6, 26, 1578594600, NULL),
(24, 6, 25, 1578594600, NULL),
(25, 4, 26, 1578594600, NULL),
(26, 15, 30, 1578594600, 1578594600);

-- --------------------------------------------------------

--
-- Table structure for table `frontend_settings`
--

CREATE TABLE `frontend_settings` (
  `id` int(11) UNSIGNED NOT NULL,
  `key` varchar(255) COLLATE utf8_unicode_ci DEFAULT NULL,
  `value` longtext COLLATE utf8_unicode_ci
) ENGINE=InnoDB DEFAULT CHARSET=utf8 COLLATE=utf8_unicode_ci;

--
-- Dumping data for table `frontend_settings`
--

INSERT INTO `frontend_settings` (`id`, `key`, `value`) VALUES
(1, 'banner_title', 'Learn on your schedule'),
(2, 'banner_sub_title', 'Study any topic, anytime. Explore thousands of courses for the lowest price ever!'),
(4, 'about_us', '<p></p><h2>This is about us</h2><p><span xss=\"removed\" xss=removed>Welcome to Academy. It will help you to learn in a new ways</span></p>'),
(10, 'terms_and_condition', '<h2>Terms and Condition</h2>This is the Terms and condition page for your companys'),
(11, 'privacy_policy', '<p></p><p></p><h2><span xss=\"removed\">Privacy Policy</span><br></h2>This is the Privacy Policy page for your companys<p></p><p><b>This is another</b> <u><a href=\"https://youtube.com/watch?v=PHgc8Q6qTjc\" target=\"_blank\">thing you will</a></u> <span xss=\"removed\">not understand</span>.</p>'),
(13, 'theme', 'default');

-- --------------------------------------------------------

--
-- Table structure for table `language`
--

CREATE TABLE `language` (
  `phrase_id` int(11) NOT NULL,
  `phrase` longtext COLLATE utf8_unicode_ci,
  `english` longtext COLLATE utf8_unicode_ci,
  `Bengali` longtext COLLATE utf8_unicode_ci
) ENGINE=MyISAM DEFAULT CHARSET=utf8 COLLATE=utf8_unicode_ci;

--
-- Dumping data for table `language`
--

INSERT INTO `language` (`phrase_id`, `phrase`, `english`, `Bengali`) VALUES
(1, 'manage_profile', NULL, NULL),
(140, 'category_code', NULL, NULL),
(3, 'dashboard', NULL, NULL),
(4, 'categories', NULL, NULL),
(5, 'courses', NULL, NULL),
(6, 'students', NULL, NULL),
(7, 'enroll_history', NULL, NULL),
(8, 'message', NULL, NULL),
(9, 'settings', NULL, NULL),
(10, 'system_settings', NULL, NULL),
(11, 'frontend_settings', NULL, NULL),
(12, 'payment_settings', NULL, NULL),
(13, 'manage_language', NULL, NULL),
(14, 'edit_profile', NULL, NULL),
(15, 'log_out', NULL, NULL),
(16, 'first_name', NULL, NULL),
(17, 'last_name', NULL, NULL),
(18, 'email', NULL, NULL),
(19, 'facebook_link', NULL, NULL),
(20, 'twitter_link', NULL, NULL),
(21, 'linkedin_link', NULL, NULL),
(22, 'a_short_title_about_yourself', NULL, NULL),
(23, 'biography', NULL, NULL),
(24, 'photo', NULL, NULL),
(25, 'select_image', NULL, NULL),
(26, 'change', NULL, NULL),
(27, 'remove', NULL, NULL),
(28, 'update_profile', NULL, NULL),
(29, 'change_password', NULL, NULL),
(30, 'current_password', NULL, NULL),
(31, 'new_password', NULL, NULL),
(32, 'confirm_new_password', NULL, NULL),
(33, 'delete', NULL, NULL),
(34, 'cancel', NULL, NULL),
(35, 'are_you_sure_to_update_this_information', NULL, NULL),
(36, 'yes', NULL, NULL),
(37, 'no', NULL, NULL),
(38, 'system settings', NULL, NULL),
(39, 'system_name', NULL, NULL),
(40, 'system_title', NULL, NULL),
(41, 'slogan', NULL, NULL),
(42, 'system_email', NULL, NULL),
(43, 'address', NULL, NULL),
(44, 'phone', NULL, NULL),
(45, 'youtube_api_key', NULL, NULL),
(46, 'get_youtube_api_key', NULL, NULL),
(47, 'vimeo_api_key', NULL, NULL),
(48, 'purchase_code', NULL, NULL),
(49, 'language', NULL, NULL),
(50, 'text-align', NULL, NULL),
(51, 'update_system_settings', NULL, NULL),
(52, 'update_product', NULL, NULL),
(53, 'file', NULL, NULL),
(54, 'install_update', NULL, NULL),
(55, 'system_logo', NULL, NULL),
(56, 'update_logo', NULL, NULL),
(57, 'get_vimeo_api_key', NULL, NULL),
(58, 'add_category', NULL, NULL),
(59, 'category_title', NULL, NULL),
(60, 'sub_categories', NULL, NULL),
(61, 'actions', NULL, NULL),
(62, 'action', NULL, NULL),
(63, 'manage_sub_categories', NULL, NULL),
(64, 'edit', NULL, NULL),
(65, 'add_course', NULL, NULL),
(66, 'select_category', NULL, NULL),
(67, 'title', NULL, NULL),
(68, 'category', NULL, NULL),
(69, '#_section', NULL, NULL),
(70, '#_lesson', NULL, NULL),
(71, '#_enrolled_user', NULL, NULL),
(72, 'view_course_details', NULL, NULL),
(73, 'manage_section', NULL, NULL),
(74, 'manage_lesson', NULL, NULL),
(75, 'student', NULL, NULL),
(76, 'add_student', NULL, NULL),
(77, 'name', NULL, NULL),
(78, 'date_added', NULL, NULL),
(79, 'enrolled_courses', NULL, NULL),
(80, 'view_profile', NULL, NULL),
(81, 'admin_dashboard', NULL, NULL),
(82, 'total_courses', NULL, NULL),
(83, 'number_of_courses', NULL, NULL),
(84, 'total_lessons', NULL, NULL),
(85, 'number_of_lessons', NULL, NULL),
(86, 'total_enrollment', NULL, NULL),
(87, 'number_of_enrollment', NULL, NULL),
(88, 'total_student', NULL, NULL),
(89, 'number_of_student', NULL, NULL),
(90, 'manage_sections', NULL, NULL),
(91, 'manage sections', NULL, NULL),
(92, 'course', NULL, NULL),
(93, 'add_section', NULL, NULL),
(94, 'lessons', NULL, NULL),
(95, 'serialize_sections', NULL, NULL),
(96, 'add_lesson', NULL, NULL),
(97, 'edit_section', NULL, NULL),
(98, 'delete_section', NULL, NULL),
(99, 'course_details', NULL, NULL),
(100, 'course details', NULL, NULL),
(101, 'details', NULL, NULL),
(102, 'instructor', NULL, NULL),
(103, 'sub_category', NULL, NULL),
(104, 'enrolled_user', NULL, NULL),
(105, 'last_modified', NULL, NULL),
(106, 'manage language', NULL, NULL),
(107, 'language_list', NULL, NULL),
(108, 'add_phrase', NULL, NULL),
(109, 'add_language', NULL, NULL),
(110, 'option', NULL, NULL),
(111, 'edit_phrase', NULL, NULL),
(112, 'delete_language', NULL, NULL),
(113, 'phrase', NULL, NULL),
(114, 'value_required', NULL, NULL),
(115, 'frontend settings', NULL, NULL),
(116, 'banner_title', NULL, NULL),
(117, 'banner_sub_title', NULL, NULL),
(118, 'about_us', NULL, NULL),
(119, 'blog', NULL, NULL),
(120, 'update_frontend_settings', NULL, NULL),
(121, 'update_banner', NULL, NULL),
(122, 'banner_image', NULL, NULL),
(123, 'update_banner_image', NULL, NULL),
(124, 'payment settings', NULL, NULL),
(125, 'paypal_settings', NULL, NULL),
(126, 'client_id', NULL, NULL),
(127, 'sandbox', NULL, NULL),
(128, 'production', NULL, NULL),
(129, 'active', NULL, NULL),
(130, 'mode', NULL, NULL),
(131, 'stripe_settings', NULL, NULL),
(132, 'testmode', NULL, NULL),
(133, 'on', NULL, NULL),
(134, 'off', NULL, NULL),
(135, 'test_secret_key', NULL, NULL),
(136, 'test_public_key', NULL, NULL),
(137, 'live_secret_key', NULL, NULL),
(138, 'live_public_key', NULL, NULL),
(139, 'save_changes', NULL, NULL),
(141, 'update_phrase', NULL, NULL),
(142, 'check', NULL, NULL),
(143, 'settings_updated', NULL, NULL),
(144, 'checking', NULL, NULL),
(145, 'phrase_added', NULL, NULL),
(146, 'language_added', NULL, NULL),
(147, 'language_deleted', NULL, NULL),
(148, 'add course', NULL, NULL),
(149, 'add_courses', NULL, NULL),
(150, 'add_course_form', NULL, NULL),
(151, 'basic_info', NULL, NULL),
(152, 'short_description', NULL, NULL),
(153, 'description', NULL, NULL),
(154, 'level', NULL, NULL),
(155, 'beginner', NULL, NULL),
(156, 'advanced', NULL, NULL),
(157, 'intermediate', NULL, NULL),
(158, 'language_made_in', NULL, NULL),
(159, 'is_top_course', NULL, NULL),
(160, 'outcomes', NULL, NULL),
(161, 'category_and_sub_category', NULL, NULL),
(162, 'select_a_category', NULL, NULL),
(163, 'select_a_category_first', NULL, NULL),
(164, 'requirements', NULL, NULL),
(165, 'price_and_discount', NULL, NULL),
(166, 'price', NULL, NULL),
(167, 'has_discount', NULL, NULL),
(168, 'discounted_price', NULL, NULL),
(169, 'course_thumbnail', NULL, NULL),
(170, 'note', NULL, NULL),
(171, 'thumbnail_size_should_be_600_x_600', NULL, NULL),
(172, 'course_overview_url', NULL, NULL),
(173, '0%', NULL, NULL),
(174, 'manage profile', NULL, NULL),
(175, 'edit_course', NULL, NULL),
(176, 'edit course', NULL, NULL),
(177, 'edit_courses', NULL, NULL),
(178, 'edit_course_form', NULL, NULL),
(179, 'update_course', NULL, NULL),
(180, 'course_updated', NULL, NULL),
(181, 'number_of_sections', NULL, NULL),
(182, 'number_of_enrolled_users', NULL, NULL),
(183, 'add section', NULL, NULL),
(184, 'section', NULL, NULL),
(185, 'add_section_form', NULL, NULL),
(186, 'update', NULL, NULL),
(187, 'serialize_section', NULL, NULL),
(188, 'serialize section', NULL, NULL),
(189, 'submit', NULL, NULL),
(190, 'sections_have_been_serialized', NULL, NULL),
(191, 'select_course', NULL, NULL),
(192, 'search', NULL, NULL),
(193, 'thumbnail', NULL, NULL),
(194, 'duration', NULL, NULL),
(195, 'provider', NULL, NULL),
(196, 'add lesson', NULL, NULL),
(197, 'add_lesson_form', NULL, NULL),
(198, 'video_type', NULL, NULL),
(199, 'select_a_course', NULL, NULL),
(200, 'select_a_course_first', NULL, NULL),
(201, 'video_url', NULL, NULL),
(202, 'invalid_url', NULL, NULL),
(203, 'your_video_source_has_to_be_either_youtube_or_vimeo', NULL, NULL),
(204, 'for', NULL, NULL),
(205, 'of', NULL, NULL),
(206, 'edit_lesson', NULL, NULL),
(207, 'edit lesson', NULL, NULL),
(208, 'edit_lesson_form', NULL, NULL),
(209, 'login', NULL, NULL),
(210, 'password', NULL, NULL),
(211, 'forgot_password', NULL, NULL),
(212, 'back_to_website', NULL, NULL),
(213, 'send_mail', NULL, NULL),
(214, 'back_to_login', NULL, NULL),
(215, 'student_add', NULL, NULL),
(216, 'student add', NULL, NULL),
(217, 'add_students', NULL, NULL),
(218, 'student_add_form', NULL, NULL),
(219, 'login_credentials', NULL, NULL),
(220, 'social_information', NULL, NULL),
(221, 'facebook', NULL, NULL),
(222, 'twitter', NULL, NULL),
(223, 'linkedin', NULL, NULL),
(224, 'user_image', NULL, NULL),
(225, 'add_user', NULL, NULL),
(226, 'user_update_successfully', NULL, NULL),
(227, 'user_added_successfully', NULL, NULL),
(228, 'student_edit', NULL, NULL),
(229, 'student edit', NULL, NULL),
(230, 'edit_students', NULL, NULL),
(231, 'student_edit_form', NULL, NULL),
(232, 'update_user', NULL, NULL),
(233, 'enroll history', NULL, NULL),
(234, 'filter', NULL, NULL),
(235, 'user_name', NULL, NULL),
(236, 'enrolled_course', NULL, NULL),
(237, 'enrollment_date', NULL, NULL),
(238, 'biography2', NULL, NULL),
(239, 'home', NULL, NULL),
(240, 'search_for_courses', NULL, NULL),
(241, 'total', NULL, NULL),
(242, 'go_to_cart', NULL, NULL),
(243, 'your_cart_is_empty', NULL, NULL),
(244, 'log_in', NULL, NULL),
(245, 'sign_up', NULL, NULL),
(246, 'what_do_you_want_to_learn', NULL, NULL),
(247, 'online_courses', NULL, NULL),
(248, 'explore_a_variety_of_fresh_topics', NULL, NULL),
(249, 'expert_instruction', NULL, NULL),
(250, 'find_the_right_course_for_you', NULL, NULL),
(251, 'lifetime_access', NULL, NULL),
(252, 'learn_on_your_schedule', NULL, NULL),
(253, 'top_courses', NULL, NULL),
(254, 'last_updater', NULL, NULL),
(255, 'hours', NULL, NULL),
(256, 'add_to_cart', NULL, NULL),
(257, 'top', NULL, NULL),
(258, 'latest_courses', NULL, NULL),
(259, 'added_to_cart', NULL, NULL),
(260, 'admin', NULL, NULL),
(261, 'log_in_to_your_udemy_account', NULL, NULL),
(262, 'by_signing_up_you_agree_to_our', NULL, NULL),
(263, 'terms_of_use', NULL, NULL),
(264, 'and', NULL, NULL),
(265, 'privacy_policy', NULL, NULL),
(266, 'do_not_have_an_account', NULL, NULL),
(267, 'sign_up_and_start_learning', NULL, NULL),
(268, 'check_here_for_exciting_deals_and_personalized_course_recommendations', NULL, NULL),
(269, 'already_have_an_account', NULL, NULL),
(270, 'checkout', NULL, NULL),
(271, 'paypal', NULL, NULL),
(272, 'stripe', NULL, NULL),
(273, 'step', NULL, NULL),
(274, 'how_would_you_rate_this_course_overall', NULL, NULL),
(275, 'write_a_public_review', NULL, NULL),
(276, 'describe_your_experience_what_you_got_out_of_the_course_and_other_helpful_highlights', NULL, NULL),
(277, 'what_did_the_instructor_do_well_and_what_could_use_some_improvement', NULL, NULL),
(278, 'next', NULL, NULL),
(279, 'previous', NULL, NULL),
(280, 'publish', NULL, NULL),
(281, 'search_results', NULL, NULL),
(282, 'ratings', NULL, NULL),
(283, 'search_results_for', NULL, NULL),
(284, 'category_page', NULL, NULL),
(285, 'all', NULL, NULL),
(286, 'category_list', NULL, NULL),
(287, 'by', NULL, NULL),
(288, 'go_to_wishlist', NULL, NULL),
(289, 'hi', NULL, NULL),
(290, 'my_courses', NULL, NULL),
(291, 'my_wishlist', NULL, NULL),
(292, 'my_messages', NULL, NULL),
(293, 'purchase_history', NULL, NULL),
(294, 'user_profile', NULL, NULL),
(295, 'already_purchased', NULL, NULL),
(296, 'all_courses', NULL, NULL),
(297, 'wishlists', NULL, NULL),
(298, 'search_my_courses', NULL, NULL),
(299, 'students_enrolled', NULL, NULL),
(300, 'created_by', NULL, NULL),
(301, 'last_updated', NULL, NULL),
(302, 'what_will_i_learn', NULL, NULL),
(303, 'view_more', NULL, NULL),
(304, 'other_related_courses', NULL, NULL),
(305, 'updated', NULL, NULL),
(306, 'curriculum_for_this_course', NULL, NULL),
(307, 'about_the_instructor', NULL, NULL),
(308, 'reviews', NULL, NULL),
(309, 'student_feedback', NULL, NULL),
(310, 'average_rating', NULL, NULL),
(311, 'preview_this_course', NULL, NULL),
(312, 'includes', NULL, NULL),
(313, 'on_demand_videos', NULL, NULL),
(314, 'full_lifetime_access', NULL, NULL),
(315, 'access_on_mobile_and_tv', NULL, NULL),
(316, 'course_preview', NULL, NULL),
(317, 'instructor_page', NULL, NULL),
(318, 'buy_now', NULL, NULL),
(319, 'shopping_cart', NULL, NULL),
(320, 'courses_in_cart', NULL, NULL),
(321, 'student_name', NULL, NULL),
(322, 'amount_to_pay', NULL, NULL),
(323, 'payment_successfully_done', NULL, NULL),
(324, 'filter_by', NULL, NULL),
(325, 'instructors', NULL, NULL),
(326, 'reset', NULL, NULL),
(327, 'your', NULL, NULL),
(328, 'rating', NULL, NULL),
(329, 'course_detail', NULL, NULL),
(330, 'start_lesson', NULL, NULL),
(331, 'show_full_biography', NULL, NULL),
(332, 'terms_and_condition', NULL, NULL),
(333, 'about', NULL, NULL),
(334, 'terms_&_condition', NULL, NULL),
(335, 'sub categories', NULL, NULL),
(336, 'add_sub_category', NULL, NULL),
(337, 'sub_category_title', NULL, NULL),
(338, 'add sub category', NULL, NULL),
(339, 'add_sub_category_form', NULL, NULL),
(340, 'sub_category_code', NULL, NULL),
(341, 'data_deleted', NULL, NULL),
(342, 'edit_category', NULL, NULL),
(343, 'edit category', NULL, NULL),
(344, 'edit_category_form', NULL, NULL),
(345, 'font', NULL, NULL),
(346, 'awesome class', NULL, NULL),
(347, 'update_category', NULL, NULL),
(348, 'data_updated_successfully', NULL, NULL),
(349, 'edit_sub_category', NULL, NULL),
(350, 'edit sub category', NULL, NULL),
(351, 'sub_category_edit', NULL, NULL),
(352, 'update_sub_category', NULL, NULL),
(353, 'course_added', NULL, NULL),
(354, 'user_deleted_successfully', NULL, NULL),
(355, 'private_messaging', NULL, NULL),
(356, 'private messaging', NULL, NULL),
(357, 'messages', NULL, NULL),
(358, 'select_message_to_read', NULL, NULL),
(359, 'new_message', NULL, NULL),
(360, 'email_duplication', NULL, NULL),
(361, 'your_registration_has_been_successfully_done', NULL, NULL),
(362, 'profile', NULL, NULL),
(363, 'account', NULL, NULL),
(364, 'add_information_about_yourself_to_share_on_your_profile', NULL, NULL),
(365, 'basics', NULL, NULL),
(366, 'add_your_twitter_link', NULL, NULL),
(367, 'add_your_facebook_link', NULL, NULL),
(368, 'add_your_linkedin_link', NULL, NULL),
(369, 'credentials', NULL, NULL),
(370, 'edit_your_account_settings', NULL, NULL),
(371, 'enter_current_password', NULL, NULL),
(372, 'enter_new_password', NULL, NULL),
(373, 're-type_your_password', NULL, NULL),
(374, 'save', NULL, NULL),
(375, 'update_user_photo', NULL, NULL),
(376, 'update_your_photo', NULL, NULL),
(377, 'upload_image', NULL, NULL),
(378, 'updated_successfully', NULL, NULL),
(379, 'invalid_login_credentials', NULL, NULL),
(380, 'blank_page', NULL, NULL),
(381, 'no_section_found', NULL, NULL),
(382, 'select_a_message_thread_to_read_it_here', NULL, NULL),
(383, 'send', NULL, NULL),
(384, 'type_your_message', NULL, NULL),
(385, 'date', NULL, NULL),
(386, 'total_price', NULL, NULL),
(387, 'payment_type', NULL, NULL),
(388, 'edit section', NULL, NULL),
(389, 'edit_section_form', NULL, NULL),
(390, 'reply_message', NULL, NULL),
(391, 'reply', NULL, NULL),
(392, 'log_in_to_your_account', NULL, NULL),
(393, 'no_result_found', NULL, NULL),
(394, 'enrollment', NULL, NULL),
(395, 'enroll_a_student', NULL, NULL),
(396, 'report', NULL, NULL),
(397, 'admin_revenue', NULL, NULL),
(398, 'instructor_revenue', NULL, NULL),
(399, 'instructor_settings', NULL, NULL),
(400, 'view_frontend', NULL, NULL),
(401, 'number_of_active_courses', NULL, NULL),
(402, 'number_of_pending_courses', NULL, NULL),
(403, 'all_instructor', NULL, NULL),
(404, 'active_courses', NULL, NULL),
(405, 'pending_courses', NULL, NULL),
(406, 'no_data_found', NULL, NULL),
(407, 'view_course_on_frontend', NULL, NULL),
(408, 'mark_as_pending', NULL, NULL),
(409, 'add category', NULL, NULL),
(410, 'add_categories', NULL, NULL),
(411, 'category_add_form', NULL, NULL),
(412, 'icon_picker', NULL, NULL),
(413, 'enroll a student', NULL, NULL),
(414, 'enrollment_form', NULL, NULL),
(415, 'admin revenue', NULL, NULL),
(416, 'total_amount', NULL, NULL),
(417, 'instructor revenue', NULL, NULL),
(418, 'status', NULL, NULL),
(419, 'instructor settings', NULL, NULL),
(420, 'allow_public_instructor', NULL, NULL),
(421, 'instructor_revenue_percentage', NULL, NULL),
(422, 'admin_revenue_percentage', NULL, NULL),
(423, 'update_instructor_settings', NULL, NULL),
(424, 'payment_info', NULL, NULL),
(425, 'required_for_instructors', NULL, NULL),
(426, 'paypal_client_id', NULL, NULL),
(427, 'stripe_public_key', NULL, NULL),
(428, 'stripe_secret_key', NULL, NULL),
(429, 'mark_as_active', NULL, NULL),
(430, 'mail_subject', NULL, NULL),
(431, 'mail_body', NULL, NULL),
(432, 'paid', NULL, NULL),
(433, 'pending', NULL, NULL),
(434, 'this_instructor_has_not_provided_valid_paypal_client_id', NULL, NULL),
(435, 'pay_with_paypal', NULL, NULL),
(436, 'this_instructor_has_not_provided_valid_public_key_or_secret_key', NULL, NULL),
(437, 'pay_with_stripe', NULL, NULL),
(438, 'create_course', NULL, NULL),
(439, 'payment_report', NULL, NULL),
(440, 'instructor_dashboard', NULL, NULL),
(441, 'draft', NULL, NULL),
(442, 'view_lessons', NULL, NULL),
(443, 'course_title', NULL, NULL),
(444, 'update_your_payment_settings', NULL, NULL),
(445, 'edit_course_detail', NULL, NULL),
(446, 'edit_basic_informations', NULL, NULL),
(447, 'publish_this_course', NULL, NULL),
(448, 'save_to_draft', NULL, NULL),
(449, 'update_section', NULL, NULL),
(450, 'analyzing_given_url', NULL, NULL),
(451, 'select_a_section', NULL, NULL),
(452, 'update_lesson', NULL, NULL),
(453, 'website_name', NULL, NULL),
(454, 'website_title', NULL, NULL),
(455, 'website_keywords', NULL, NULL),
(456, 'website_description', NULL, NULL),
(457, 'author', NULL, NULL),
(458, 'footer_text', NULL, NULL),
(459, 'footer_link', NULL, NULL),
(460, 'update_backend_logo', NULL, NULL),
(461, 'update_favicon', NULL, NULL),
(462, 'favicon', NULL, NULL),
(463, 'active courses', NULL, NULL),
(464, 'product_updated_successfully', NULL, NULL),
(465, 'course_overview_provider', NULL, NULL),
(466, 'youtube', NULL, NULL),
(467, 'vimeo', NULL, NULL),
(468, 'html5', NULL, NULL),
(469, 'meta_keywords', NULL, NULL),
(470, 'meta_description', NULL, NULL),
(471, 'lesson_type', NULL, NULL),
(472, 'video', NULL, NULL),
(473, 'select_type_of_lesson', NULL, NULL),
(474, 'text_file', NULL, NULL),
(475, 'pdf_file', NULL, NULL),
(476, 'document_file', NULL, NULL),
(477, 'image_file', NULL, NULL),
(478, 'lesson_provider', NULL, NULL),
(479, 'select_lesson_provider', NULL, NULL),
(480, 'analyzing_the_url', NULL, NULL),
(481, 'attachment', NULL, NULL),
(482, 'summary', NULL, NULL),
(483, 'download', NULL, NULL),
(484, 'system_settings_updated', NULL, NULL),
(485, 'course_updated_successfully', NULL, NULL),
(486, 'please_wait_untill_admin_approves_it', NULL, NULL),
(487, 'pending courses', NULL, NULL),
(488, 'course_status_updated', NULL, NULL),
(489, 'smtp_settings', NULL, NULL),
(490, 'free_course', NULL, NULL),
(491, 'free', NULL, NULL),
(492, 'get_enrolled', NULL, NULL),
(493, 'course_added_successfully', NULL, NULL),
(494, 'update_frontend_logo', NULL, NULL),
(495, 'system_currency_settings', NULL, NULL),
(496, 'select_system_currency', NULL, NULL),
(497, 'currency_position', NULL, NULL),
(498, 'left', NULL, NULL),
(499, 'right', NULL, NULL),
(500, 'left_with_a_space', NULL, NULL),
(501, 'right_with_a_space', NULL, NULL),
(502, 'paypal_currency', NULL, NULL),
(503, 'select_paypal_currency', NULL, NULL),
(504, 'stripe_currency', NULL, NULL),
(505, 'select_stripe_currency', NULL, NULL),
(506, 'heads_up', NULL, NULL),
(507, 'please_make_sure_that', NULL, NULL),
(508, 'system_currency', NULL, NULL),
(509, 'are_same', NULL, NULL),
(510, 'smtp settings', NULL, NULL),
(511, 'protocol', NULL, NULL),
(512, 'smtp_host', NULL, NULL),
(513, 'smtp_port', NULL, NULL),
(514, 'smtp_user', NULL, NULL),
(515, 'smtp_pass', NULL, NULL),
(516, 'update_smtp_settings', NULL, NULL),
(517, 'phrase_updated', NULL, NULL),
(518, 'registered_user', NULL, NULL),
(519, 'provide_your_valid_login_credentials', NULL, NULL),
(520, 'registration_form', NULL, NULL),
(521, 'provide_your_email_address_to_get_password', NULL, NULL),
(522, 'reset_password', NULL, NULL),
(523, 'want_to_go_back', NULL, NULL),
(524, 'message_sent!', NULL, NULL),
(525, 'selected_icon', NULL, NULL),
(526, 'pick_another_icon_picker', NULL, NULL),
(527, 'show_more', NULL, NULL),
(528, 'show_less', NULL, NULL),
(529, 'all_category', NULL, NULL),
(530, 'price_range', NULL, NULL),
(531, 'price_range_withing', NULL, NULL),
(532, 'all_categories', NULL, NULL),
(533, 'all_sub_category', NULL, NULL),
(534, 'number_of_results', NULL, NULL),
(535, 'showing_on_this_page', NULL, NULL),
(536, 'welcome', NULL, NULL),
(537, 'my_account', NULL, NULL),
(538, 'logout', NULL, NULL),
(539, 'visit_website', NULL, NULL),
(540, 'navigation', NULL, NULL),
(541, 'add_new_category', NULL, NULL),
(542, 'enrolment', NULL, NULL),
(543, 'enrol_history', NULL, NULL),
(544, 'enrol_a_student', NULL, NULL),
(545, 'language_settings', NULL, NULL),
(546, 'congratulations', NULL, NULL),
(547, 'oh_snap', NULL, NULL),
(548, 'close', NULL, NULL),
(549, 'parent', NULL, NULL),
(550, 'none', NULL, NULL),
(551, 'category_thumbnail', NULL, NULL),
(552, 'the_image_size_should_be', NULL, NULL),
(553, 'choose_thumbnail', NULL, NULL),
(554, 'data_added_successfully', NULL, NULL),
(555, '', NULL, NULL),
(556, 'update_category_form', NULL, NULL),
(557, 'student_list', NULL, NULL),
(558, 'choose_user_image', NULL, NULL),
(559, 'finish', NULL, NULL),
(560, 'thank_you', NULL, NULL),
(561, 'you_are_almost_there', NULL, NULL),
(562, 'you_are_just_one_click_away', NULL, NULL),
(563, 'country', NULL, NULL),
(564, 'website_settings', NULL, NULL),
(565, 'write_down_facebook_url', NULL, NULL),
(566, 'write_down_twitter_url', NULL, NULL),
(567, 'write_down_linkedin_url', NULL, NULL),
(568, 'google_link', NULL, NULL),
(569, 'write_down_google_url', NULL, NULL),
(570, 'instagram_link', NULL, NULL),
(571, 'write_down_instagram_url', NULL, NULL),
(572, 'pinterest_link', NULL, NULL),
(573, 'write_down_pinterest_url', NULL, NULL),
(574, 'update_settings', NULL, NULL),
(575, 'upload_banner_image', NULL, NULL),
(576, 'update_light_logo', NULL, NULL),
(577, 'upload_light_logo', NULL, NULL),
(578, 'update_dark_logo', NULL, NULL),
(579, 'upload_dark_logo', NULL, NULL),
(580, 'update_small_logo', NULL, NULL),
(581, 'upload_small_logo', NULL, NULL),
(582, 'upload_favicon', NULL, NULL),
(583, 'logo_updated', NULL, NULL),
(584, 'favicon_updated', NULL, NULL),
(585, 'banner_image_update', NULL, NULL),
(586, 'frontend_settings_updated', NULL, NULL),
(587, 'setup_payment_informations', NULL, NULL),
(588, 'update_system_currency', NULL, NULL),
(589, 'setup_paypal_settings', NULL, NULL),
(590, 'update_paypal_keys', NULL, NULL),
(591, 'setup_stripe_settings', NULL, NULL),
(592, 'test_mode', NULL, NULL),
(593, 'update_stripe_keys', NULL, NULL);

-- --------------------------------------------------------

--
-- Table structure for table `lesson`
--

CREATE TABLE `lesson` (
  `id` int(11) UNSIGNED NOT NULL,
  `title` varchar(255) COLLATE utf8_unicode_ci DEFAULT NULL,
  `duration` varchar(255) COLLATE utf8_unicode_ci DEFAULT NULL,
  `course_id` int(11) DEFAULT NULL,
  `section_id` int(11) DEFAULT NULL,
  `video_type` varchar(255) COLLATE utf8_unicode_ci DEFAULT NULL,
  `video_url` varchar(255) COLLATE utf8_unicode_ci DEFAULT NULL,
  `date_added` int(11) DEFAULT NULL,
  `last_modified` int(11) DEFAULT NULL,
  `lesson_type` varchar(255) COLLATE utf8_unicode_ci DEFAULT NULL,
  `attachment` varchar(255) COLLATE utf8_unicode_ci DEFAULT NULL,
  `attachment_type` varchar(255) COLLATE utf8_unicode_ci DEFAULT NULL,
  `summary` longtext COLLATE utf8_unicode_ci,
  `order` int(11) NOT NULL DEFAULT '0'
) ENGINE=InnoDB DEFAULT CHARSET=utf8 COLLATE=utf8_unicode_ci;

--
-- Dumping data for table `lesson`
--

INSERT INTO `lesson` (`id`, `title`, `duration`, `course_id`, `section_id`, `video_type`, `video_url`, `date_added`, `last_modified`, `lesson_type`, `attachment`, `attachment_type`, `summary`, `order`) VALUES
(1, 'Lesson1', NULL, 4, 1, NULL, NULL, 1569263400, NULL, 'other', '5072ad2a7986cd229b889e7c9b02c90d.jpg', 'img', '', 0),
(2, 'Sewing Courses', '00:08:25', 6, 2, 'YouTube', 'https://www.youtube.com/watch?v=nFoITRWJNPQ', 1571250600, 1571250600, 'video', '', 'url', '', 0),
(3, 'Python Chapter1', '01:31:39', 1, 3, 'YouTube', 'https://www.youtube.com/watch?v=2uCXIbkbDSE', 1571337000, 1571337000, 'video', '', 'url', '', 0),
(4, 'Python Chapter2', '04:26:52', 1, 3, 'YouTube', 'https://www.youtube.com/watch?v=rfscVS0vtbw', 1571337000, 1571337000, 'video', '', 'url', '', 0),
(5, 'Automation Testing', '02:32:34', 2, 4, 'YouTube', 'https://www.youtube.com/watch?v=5FUdrBq-WFo', 1571337000, NULL, 'video', NULL, 'url', '', 0),
(6, 'Introduction to HTML', NULL, 3, 5, NULL, NULL, 1571337000, NULL, 'other', 'daae1b5f4939627e1784861ff4e05984.txt', 'txt', 'HTML Text Document', 0),
(7, 'UI', NULL, 5, 6, NULL, NULL, 1571337000, NULL, 'other', '61baa48c497f42c7cdeb7bd95df94544.docx', 'doc', '', 0),
(8, 'vv', '00:00:00', 24, 8, NULL, NULL, 1575932400, 1576018800, 'quiz', NULL, NULL, 'ddd', 0),
(9, 'lesson1', '00:00:18', 21, 9, 'YouTube', 'https://www.youtube.com/watch?v=C0DPdy98e4c', 1575932400, NULL, 'video', NULL, 'url', 'test', 0),
(10, 'q1', '00:00:00', 21, 9, NULL, NULL, 1575932400, NULL, 'quiz', NULL, NULL, 'inst', 0),
(11, 'ff', '00:10:00', 24, 8, 'video_upload', '1576050032small.mp4', 1575932400, 1576018800, 'video', '', 'url', 'fff', 0),
(12, 'ss', '00:05:00', 24, 8, 'video_upload', '1576056350file_example_MP4_480_1_5MG.mp4', 1576018800, 1576018800, 'video', '', 'url', 'ss', 0),
(13, 'ss', '00:05:00', 23, 10, 'video_upload', '1576064251small.mp4', 1576018800, 1576018800, 'video', '', 'url', 'ssss', 0),
(14, 'less2', '00:05:00', 23, 10, 'video_upload', '1576057991small.mp4', 1576018800, NULL, 'video', NULL, 'url', 'sssss', 0),
(15, 'q1', '00:00:00', 23, 10, NULL, NULL, 1576018800, NULL, 'quiz', NULL, NULL, 'eeeeeee', 0),
(16, 'less3', '00:10:00', 23, 10, 'video_upload', '1576064309video1.mp4', 1576018800, NULL, 'video', NULL, 'url', 'eeeeeeeee', 0),
(17, 'Lession 1', '00:05:00', 25, 11, 'video_upload', '1576129611video1.mp4', 1576105200, NULL, 'video', NULL, 'url', 'PHP Course', 0),
(18, 'PHP Quiz 1', '00:00:00', 25, 11, NULL, NULL, 1576105200, NULL, 'quiz', NULL, NULL, 'Each question will have 4 options, you need to choose right one.', 0),
(19, 'lession2', '00:00:18', 25, 11, 'YouTube', 'https://www.youtube.com/watch?v=C0DPdy98e4c', 1580252400, NULL, 'video', NULL, 'url', 'test', 0),
(20, 'test', '00:06:55', 30, 12, 'YouTube', 'https://www.youtube.com/watch?v=uuzi3SmCLVo', 1582569000, NULL, 'video', NULL, 'url', '', 0);

-- --------------------------------------------------------

--
-- Table structure for table `message`
--

CREATE TABLE `message` (
  `message_id` int(11) NOT NULL,
  `message_thread_code` longtext,
  `message` longtext,
  `sender` longtext,
  `timestamp` longtext,
  `read_status` int(11) DEFAULT NULL
) ENGINE=MyISAM DEFAULT CHARSET=latin1;

--
-- Dumping data for table `message`
--

INSERT INTO `message` (`message_id`, `message_thread_code`, `message`, `sender`, `timestamp`, `read_status`) VALUES
(1, 'dfdfbd7598a38be', 'Hi', '1', '1571310208', NULL),
(2, '840e8409c508273', 'hello', '3', '1571311370', 1),
(3, '840e8409c508273', 'hi', '1', '1571311483', NULL),
(4, 'efdd4a198d0e008', 'hi', '5', '1571376046', 1),
(5, 'efdd4a198d0e008', 'hii', '1', '1571376124', NULL),
(6, 'efdd4a198d0e008', '56', '1', '1581665953', NULL);

-- --------------------------------------------------------

--
-- Table structure for table `message_thread`
--

CREATE TABLE `message_thread` (
  `message_thread_id` int(11) NOT NULL,
  `message_thread_code` longtext COLLATE utf8_unicode_ci,
  `sender` varchar(255) COLLATE utf8_unicode_ci DEFAULT '',
  `receiver` varchar(255) COLLATE utf8_unicode_ci DEFAULT '',
  `last_message_timestamp` longtext COLLATE utf8_unicode_ci
) ENGINE=InnoDB DEFAULT CHARSET=utf8 COLLATE=utf8_unicode_ci;

--
-- Dumping data for table `message_thread`
--

INSERT INTO `message_thread` (`message_thread_id`, `message_thread_code`, `sender`, `receiver`, `last_message_timestamp`) VALUES
(1, 'dfdfbd7598a38be', '1', '2', NULL),
(2, '840e8409c508273', '3', '1', NULL),
(3, 'efdd4a198d0e008', '5', '1', NULL);

-- --------------------------------------------------------

--
-- Table structure for table `payment`
--

CREATE TABLE `payment` (
  `id` int(11) UNSIGNED NOT NULL,
  `user_id` int(11) DEFAULT NULL,
  `payment_type` varchar(50) COLLATE utf8_unicode_ci DEFAULT NULL,
  `course_id` int(11) DEFAULT NULL,
  `amount` double DEFAULT NULL,
  `date_added` int(11) DEFAULT NULL,
  `last_modified` int(11) DEFAULT NULL,
  `admin_revenue` varchar(255) COLLATE utf8_unicode_ci DEFAULT NULL,
  `instructor_revenue` varchar(255) COLLATE utf8_unicode_ci DEFAULT NULL,
  `instructor_payment_status` int(11) DEFAULT '0'
) ENGINE=InnoDB DEFAULT CHARSET=utf8 COLLATE=utf8_unicode_ci;

--
-- Dumping data for table `payment`
--

INSERT INTO `payment` (`id`, `user_id`, `payment_type`, `course_id`, `amount`, `date_added`, `last_modified`, `admin_revenue`, `instructor_revenue`, `instructor_payment_status`) VALUES
(1, 5, 'stripe', 21, 100, 1575932400, NULL, '100', '0', 1),
(2, 7, 'paypal', 21, 100, 1575932400, NULL, '100', '0', 1),
(3, 15, 'stripe', 25, 3500, 1576105200, NULL, '3500', '0', 1),
(4, 17, 'stripe', 26, 360, 1578508200, NULL, '129', '231', 1),
(5, 17, 'stripe', 25, 3500, 1578508200, NULL, '3500', '0', 1),
(6, 17, 'stripe', 5, 70, 1578508200, NULL, '25', '45', 1),
(7, 15, 'stripe', 26, 360, 1578594600, NULL, '129', '231', 1),
(8, 17, 'stripe', 6, 12, 1578594600, NULL, '12', '0', 1),
(9, 17, 'stripe', 2, 0, 1578594600, NULL, '0', '0', 1),
(10, 17, 'stripe', 24, 100, 1578594600, NULL, '100', '0', 1),
(11, 8, 'stripe', 26, 360, 1578594600, NULL, '108', '252', 1),
(12, 6, 'stripe', 26, 360, 1578594600, NULL, '108', '252', 0),
(13, 6, 'stripe', 25, 3500, 1578594600, NULL, '3500', '0', 1),
(14, 4, 'paypal', 26, 360, 1578594600, NULL, '108', '252', 0);

-- --------------------------------------------------------

--
-- Table structure for table `question`
--

CREATE TABLE `question` (
  `id` int(11) UNSIGNED NOT NULL,
  `quiz_id` int(11) DEFAULT NULL,
  `title` longtext COLLATE utf8_unicode_ci,
  `type` varchar(255) COLLATE utf8_unicode_ci DEFAULT NULL,
  `number_of_options` int(11) DEFAULT NULL,
  `options` longtext COLLATE utf8_unicode_ci,
  `correct_answers` longtext COLLATE utf8_unicode_ci,
  `order` int(11) NOT NULL DEFAULT '0'
) ENGINE=InnoDB DEFAULT CHARSET=utf8 COLLATE=utf8_unicode_ci;

--
-- Dumping data for table `question`
--

INSERT INTO `question` (`id`, `quiz_id`, `title`, `type`, `number_of_options`, `options`, `correct_answers`, `order`) VALUES
(1, 8, 'tt', 'multiple_choice', 4, '[\"11\",\"22\",\"33\",\"44\"]', '[\"3\"]', 0),
(2, 10, 'q1', 'multiple_choice', 4, '[\"11\",\"22\",\"33\",\"44\"]', '[\"3\"]', 0),
(3, 15, 'q11', 'multiple_choice', 4, '[\"11\",\"22\",\"33\",\"44\"]', '[\"2\"]', 0),
(4, 18, 'Father of PHP?', 'multiple_choice', 4, '[\"Guido van Rossum\",\"Rasmus Lerdorf\",\"Dennis Ritchie\",\"James Gosling\"]', '[\"2\"]', 0),
(5, 18, 'PHP started in?', 'multiple_choice', 4, '[\"1991\",\"1992\",\"1993\",\"1994\"]', '[\"4\"]', 0),
(6, 18, 'What is PHP?', 'multiple_choice', 4, '[\"Pre-Hyper Processor\",\"Hypertext Preprocessor\",\"Pascal Hexa Programming\",\"Pre Hexa Programming\"]', '[\"2\"]', 0),
(7, 18, 'What is the name of scripting engine in PHP?', 'multiple_choice', 4, '[\"Zend Engine\",\"Symphony Engine\",\"Cobol Engine\",\"MYISAM Engine\"]', '[\"1\"]', 0),
(8, 18, 'From below, which is not a PHP string function?', 'multiple_choice', 4, '[\"strtolower()\",\"strrev()\",\"strlen()\",\"strilen()\"]', '[\"4\"]', 0),
(9, 18, 'From below, which is not a type of PHP array?', 'multiple_choice', 4, '[\"Indexed array\",\"Associative array\",\"Multi scale array\",\"Multidimensional array\"]', '[\"3\"]', 0);

-- --------------------------------------------------------

--
-- Table structure for table `rating`
--

CREATE TABLE `rating` (
  `id` int(11) UNSIGNED NOT NULL,
  `rating` double DEFAULT NULL,
  `user_id` int(11) DEFAULT NULL,
  `ratable_id` int(11) DEFAULT NULL,
  `ratable_type` varchar(50) COLLATE utf8_unicode_ci DEFAULT NULL,
  `date_added` int(11) DEFAULT NULL,
  `last_modified` int(11) DEFAULT NULL,
  `review` longtext COLLATE utf8_unicode_ci
) ENGINE=InnoDB DEFAULT CHARSET=utf8 COLLATE=utf8_unicode_ci;

--
-- Dumping data for table `rating`
--

INSERT INTO `rating` (`id`, `rating`, `user_id`, `ratable_id`, `ratable_type`, `date_added`, `last_modified`, `review`) VALUES
(1, 4, 7, 21, 'course', 1576105200, NULL, 'Best PHP course'),
(2, 4, 17, 26, 'course', 1578508200, NULL, 'Nice tutorial but need lessons to be added');

-- --------------------------------------------------------

--
-- Table structure for table `report_manager`
--

CREATE TABLE `report_manager` (
  `report_manager_id` int(8) NOT NULL,
  `hrms_id` int(8) NOT NULL,
  `username` varchar(255) NOT NULL,
  `email` varchar(255) NOT NULL,
  `password` varchar(255) NOT NULL,
  `status` enum('1','0') NOT NULL,
  `created_at` datetime NOT NULL,
  `updated_at` datetime NOT NULL
) ENGINE=InnoDB DEFAULT CHARSET=latin1;

--
-- Dumping data for table `report_manager`
--

INSERT INTO `report_manager` (`report_manager_id`, `hrms_id`, `username`, `email`, `password`, `status`, `created_at`, `updated_at`) VALUES
(1, 21, 'prateik', 'pratik.dhotmal@qualitasit.com', '$2y$10$cLTePqV9ATqLTzSAgiNpAuMFt7vz88A/AUv2PEgLilVmstZfZYgzm', '1', '2020-02-27 00:00:00', '2020-02-27 00:00:00');

-- --------------------------------------------------------

--
-- Table structure for table `role`
--

CREATE TABLE `role` (
  `id` int(11) UNSIGNED NOT NULL,
  `name` varchar(255) COLLATE utf8_unicode_ci DEFAULT NULL,
  `date_added` int(11) DEFAULT NULL,
  `last_modified` int(11) DEFAULT NULL
) ENGINE=InnoDB DEFAULT CHARSET=utf8 COLLATE=utf8_unicode_ci;

--
-- Dumping data for table `role`
--

INSERT INTO `role` (`id`, `name`, `date_added`, `last_modified`) VALUES
(1, 'Admin', 1234567890, 1234567890),
(2, 'User', 1234567890, 1234567890),
(3, 'User', 1234567890, 1234567890);

-- --------------------------------------------------------

--
-- Table structure for table `section`
--

CREATE TABLE `section` (
  `id` int(11) NOT NULL,
  `title` varchar(255) COLLATE utf8_unicode_ci DEFAULT NULL,
  `course_id` int(11) DEFAULT NULL,
  `order` int(11) NOT NULL DEFAULT '0'
) ENGINE=InnoDB DEFAULT CHARSET=utf8 COLLATE=utf8_unicode_ci;

--
-- Dumping data for table `section`
--

INSERT INTO `section` (`id`, `title`, `course_id`, `order`) VALUES
(1, 'Section1', 4, 0),
(2, 'Learn Sewing Basics', 6, 0),
(3, 'Learn Python Basics', 1, 0),
(4, 'Automation Testing-Selenium', 2, 0),
(5, 'HTML 5', 3, 0),
(6, 'UI Basics', 5, 0),
(8, 'cc', 24, 0),
(9, 'section1', 21, 0),
(10, 'sec1', 23, 0),
(11, 'PHP Section', 25, 0),
(12, 'bob', 30, 0);

-- --------------------------------------------------------

--
-- Table structure for table `settings`
--

CREATE TABLE `settings` (
  `id` int(11) UNSIGNED NOT NULL,
  `key` varchar(255) COLLATE utf8_unicode_ci DEFAULT NULL,
  `value` longtext COLLATE utf8_unicode_ci
) ENGINE=InnoDB DEFAULT CHARSET=utf8 COLLATE=utf8_unicode_ci;

--
-- Dumping data for table `settings`
--

INSERT INTO `settings` (`id`, `key`, `value`) VALUES
(1, 'language', 'english'),
(2, 'system_name', 'vTrain'),
(3, 'system_title', 'vTrain'),
(4, 'system_email', 'vtrain@qitstaging.com'),
(5, 'address', 'Pune, India'),
(6, 'phone', '+143-52-9933631'),
(7, 'purchase_code', '73dbf4aa-65ca-4da0-bcbd-fedbcca7012f'),
(8, 'paypal', '[{\"active\":\"1\",\"mode\":\"sandbox\",\"sandbox_client_id\":\"AXr9Je37-B5KB0g8IMt-HoSBvGYnePXrdF00PC5qRDgyvax2UeBmLzbvzMG4yyzY1wEmoLQpguLi-xJ_\",\"production_client_id\":\"1234\"}]'),
(9, 'stripe_keys', '[{\"active\":\"1\",\"testmode\":\"on\",\"public_key\":\"pk_test_aX32klG8PscKfXKku5pH5wTR\",\"secret_key\":\"sk_test_Z6mOwiRb1j8qE4J8E3KakIU1\",\"public_live_key\":\"pk_live_xxxxxxxxxxxxxxxxxxxxxxxx\",\"secret_live_key\":\"sk_live_xxxxxxxxxxxxxxxxxxxxxxxx\"}]'),
(10, 'youtube_api_key', 'AIzaSyC45Ac_6qx-y8hLhcaGEQNvhX-kAF_3uKY'),
(11, 'vimeo_api_key', '39258384b69994dba483c10286825b5c'),
(12, 'slogan', 'An online portal for learning courses'),
(13, 'text_align', NULL),
(14, 'allow_instructor', '1'),
(15, 'instructor_revenue', '70'),
(16, 'system_currency', 'USD'),
(17, 'paypal_currency', 'USD'),
(18, 'stripe_currency', 'USD'),
(19, 'author', 'HSN'),
(20, 'currency_position', 'left'),
(21, 'website_description', 'vTrain'),
(22, 'website_keywords', 'LMS,Learning Management System,Creativeitem,demo,hello,How are you'),
(23, 'footer_text', NULL),
(24, 'footer_link', 'http://creativeitem.com/'),
(25, 'protocol', 'smtp'),
(26, 'smtp_host', 'qitstaging.com'),
(27, 'smtp_port', '465'),
(28, 'smtp_user', 'vtrain@qitstaging.com'),
(29, 'smtp_pass', 'vtrain@123'),
(30, 'version', '2.3'),
(31, 'student_email_verification', 'enable');

-- --------------------------------------------------------

--
-- Table structure for table `tag`
--

CREATE TABLE `tag` (
  `id` int(11) UNSIGNED NOT NULL,
  `tag` varchar(255) COLLATE utf8_unicode_ci DEFAULT NULL,
  `tagable_id` int(11) DEFAULT NULL,
  `tagable_type` varchar(255) COLLATE utf8_unicode_ci DEFAULT NULL,
  `date_added` int(11) DEFAULT NULL,
  `last_modified` int(11) DEFAULT NULL
) ENGINE=InnoDB DEFAULT CHARSET=utf8 COLLATE=utf8_unicode_ci;

-- --------------------------------------------------------

--
-- Table structure for table `trainer`
--

CREATE TABLE `trainer` (
  `trainer_id` int(8) NOT NULL,
  `hrms_id` int(8) NOT NULL,
  `username` varchar(255) NOT NULL,
  `email` varchar(255) NOT NULL,
  `password` varchar(255) NOT NULL,
  `status` enum('1','0') NOT NULL,
  `created_at` datetime NOT NULL,
  `updated_at` datetime NOT NULL
) ENGINE=InnoDB DEFAULT CHARSET=latin1;

--
-- Dumping data for table `trainer`
--

INSERT INTO `trainer` (`trainer_id`, `hrms_id`, `username`, `email`, `password`, `status`, `created_at`, `updated_at`) VALUES
(1, 21, 'prateik', 'pratik.dhotmal@qualitasit.com', '$2y$10$cLTePqV9ATqLTzSAgiNpAuMFt7vz88A/AUv2PEgLilVmstZfZYgzm', '1', '2020-02-27 00:00:00', '2020-02-27 00:00:00');

-- --------------------------------------------------------

--
-- Table structure for table `users`
--

CREATE TABLE `users` (
  `id` int(11) UNSIGNED NOT NULL,
  `first_name` varchar(255) COLLATE utf8_unicode_ci DEFAULT NULL,
  `last_name` varchar(255) COLLATE utf8_unicode_ci DEFAULT NULL,
  `email` varchar(50) COLLATE utf8_unicode_ci DEFAULT NULL,
  `password` varchar(255) COLLATE utf8_unicode_ci DEFAULT NULL,
  `social_links` longtext COLLATE utf8_unicode_ci,
  `biography` longtext COLLATE utf8_unicode_ci,
  `role_id` int(11) DEFAULT NULL,
  `date_added` int(11) DEFAULT NULL,
  `last_modified` int(11) DEFAULT NULL,
  `watch_history` longtext COLLATE utf8_unicode_ci,
  `wishlist` longtext COLLATE utf8_unicode_ci,
  `title` longtext COLLATE utf8_unicode_ci,
  `paypal_keys` longtext COLLATE utf8_unicode_ci,
  `stripe_keys` longtext COLLATE utf8_unicode_ci,
  `verification_code` longtext COLLATE utf8_unicode_ci,
  `status` int(11) DEFAULT NULL
) ENGINE=InnoDB DEFAULT CHARSET=utf8 COLLATE=utf8_unicode_ci;

--
-- Dumping data for table `users`
--

INSERT INTO `users` (`id`, `first_name`, `last_name`, `email`, `password`, `social_links`, `biography`, `role_id`, `date_added`, `last_modified`, `watch_history`, `wishlist`, `title`, `paypal_keys`, `stripe_keys`, `verification_code`, `status`) VALUES
(1, 'admin', 'manager', 'admin@eleads.co.in', 'bd3d522982d8f02cab154f9239afdffa5e3d5474', '{\"facebook\":\"\",\"twitter\":\"\",\"linkedin\":\"\"}', NULL, 1, NULL, NULL, NULL, NULL, NULL, NULL, NULL, NULL, 1),
(2, 'Niru', 'Dubey', 'nirudubey13@gmail.com', '7c4a8d09ca3762af61e59520943dc26494f8941b', '{\"facebook\":\"\",\"twitter\":\"\",\"linkedin\":\"\"}', NULL, 2, 1569242178, NULL, '[]', '[]', NULL, '[{\"production_client_id\":\"\"}]', '[{\"public_live_key\":\"\",\"secret_live_key\":\"\"}]', '18e8be9ce986b8c8f581ccee570f739d', 0),
(3, 'Nirupama', 'Dubey', 'nirupama@qualitasit.com', '40bd001563085fc35165329ea1ff5c5ecbdbbeef', '{\"facebook\":\"\",\"twitter\":\"\",\"linkedin\":\"\"}', '', 2, 1569304184, NULL, '[{\"lesson_id\":\"3\",\"progress\":\"0\"}]', '[]', NULL, '[{\"production_client_id\":\"\"}]', '[{\"public_live_key\":\"\",\"secret_live_key\":\"\"}]', NULL, 1),
(4, 'Kavita', 'Choudhary', 'k@gmail.com', '7c4a8d09ca3762af61e59520943dc26494f8941b', '{\"facebook\":\"\",\"twitter\":\"\",\"linkedin\":\"\"}', '', 2, 1569305143, 1569305458, '[]', '[]', NULL, '[{\"production_client_id\":\"\"}]', '[{\"public_live_key\":\"\",\"secret_live_key\":\"\"}]', '42448b5115330af77cc1155ad1ec8717', 1),
(5, 'Sneha', 'Sharma', 'sneha@gmail.com', '7c4a8d09ca3762af61e59520943dc26494f8941b', '{\"facebook\":\"\",\"twitter\":\"\",\"linkedin\":\"\"}', '<p> <br></p>', 3, 1569305522, 1569318063, '[]', '[]', NULL, '[{\"production_client_id\":\"AXr9Je37-B5KB0g8IMt-HoSBvGYnePXrdF00PC5qRDgyvax2UeBmLzbvzMG4yyzY1wEmoLQpguLi-xJ_\"}]', '[{\"public_live_key\":\"pk_test_aX32klG8PscKfXKku5pH5wTR\",\"secret_live_key\":\"sk_test_Z6mOwiRb1j8qE4J8E3KakIU1\"}]', NULL, 1),
(6, 'Piyush', 'Sharma', 'piyush@gmail.com', '7c4a8d09ca3762af61e59520943dc26494f8941b', '{\"facebook\":\"\",\"twitter\":\"\",\"linkedin\":\"\"}', '', 2, 1569318469, NULL, '[]', '[]', NULL, '[{\"production_client_id\":\"\"}]', '[{\"public_live_key\":\"\",\"secret_live_key\":\"\"}]', NULL, 1),
(7, 'Lee', 'Chan', 'lee@gmail.com', 'b4728cc60f9de4a3a970e74f5b1b22b083dc651f', '{\"facebook\":\"\",\"twitter\":\"\",\"linkedin\":\"\"}', NULL, 2, 1569319436, NULL, '[]', '[]', NULL, '[{\"production_client_id\":\"\"}]', '[{\"public_live_key\":\"\",\"secret_live_key\":\"\"}]', '4e9ebbf46fe55777018051403c370233', 1),
(8, 'John', 'David', 'john@gmail.com', '7c4a8d09ca3762af61e59520943dc26494f8941b', '{\"facebook\":\"\",\"twitter\":\"\",\"linkedin\":\"\"}', '<p><br></p>', 2, 1569323086, NULL, '[]', '[]', NULL, '[{\"production_client_id\":\"\"}]', '[{\"public_live_key\":\"\",\"secret_live_key\":\"\"}]', NULL, 1),
(9, 'Narayan', 'H S', 'narayan.hs@gmail.com', '27fec3d74accc8f133e0bc0fe5bbe86d68c1b912', '{\"facebook\":\"\",\"twitter\":\"\",\"linkedin\":\"\"}', NULL, 2, 1569328367, NULL, '[]', '[]', NULL, '[{\"production_client_id\":\"\"}]', '[{\"public_live_key\":\"\",\"secret_live_key\":\"\"}]', '6b02ddf77bda8f84a33eb0071019a8bc', 1),
(10, 'Sridhar', 'Iyer', 'narayan@qualitasit.com', '94ba69fdd6ac7c1576e4b079514aa04004822824', '{\"facebook\":\"\",\"twitter\":\"\",\"linkedin\":\"\"}', NULL, 2, 1569328531, NULL, '[]', '[]', NULL, '[{\"production_client_id\":\"\"}]', '[{\"public_live_key\":\"\",\"secret_live_key\":\"\"}]', 'abdaea0155fbbbb311c4c62a2539ed89', 1),
(12, 'diksha', 'dubey', 'diksharah1995@gmail.com', '74bf775cb51c4fca735629f0fb20ae764e28a1e3', '{\"facebook\":\"\",\"twitter\":\"\",\"linkedin\":\"\"}', '<p><br></p>', 2, 1571635926, NULL, '[]', '[]', NULL, '[{\"production_client_id\":\"\"}]', '[{\"public_live_key\":\"\",\"secret_live_key\":\"\"}]', NULL, 1),
(14, 'Sandesh', 'Pangrekar', 'pangrekarsandesh@gmail.com', '7c4a8d09ca3762af61e59520943dc26494f8941b', '{\"facebook\":\"\",\"twitter\":\"\",\"linkedin\":\"\"}', NULL, 3, 1575905498, NULL, '[{\"lesson_id\":\"13\",\"progress\":\"0\"}]', '[]', NULL, '[{\"production_client_id\":\"\"}]', '[{\"public_live_key\":\"\",\"secret_live_key\":\"\"}]', '12b1322630805ecb7b6c857510434c59', 1),
(15, 'Sandesh_Student', 'Pangrekar_Student', 'sandesh.pangrekar_student@qualitasit.com', '7c4a8d09ca3762af61e59520943dc26494f8941b', '{\"facebook\":\"\",\"twitter\":\"\",\"linkedin\":\"\"}', NULL, 2, 1576131345, NULL, '[]', '[]', NULL, '[{\"production_client_id\":\"\"}]', '[{\"public_live_key\":\"\",\"secret_live_key\":\"\"}]', 'abd1bcbc50d7b7f2601635271fbad90d', 1),
(16, 'Sandesh', 'Pangrekar Instructor', 'sandesh.pangrekar_instructor@qualitasit.com', '7c4a8d09ca3762af61e59520943dc26494f8941b', '{\"facebook\":\"\",\"twitter\":\"\",\"linkedin\":\"\"}', '', 3, 1576131715, 1578573819, '[]', '[]', NULL, '[{\"production_client_id\":\"AXr9Je37-B5KB0g8IMt-HoSBvGYnePXrdF00PC5qRDgyvax2UeBmLzbvzMG4yyzY1wEmoLQpguLi-xJ_\"}]', '[{\"public_live_key\":\"pk_test_R2IyetUHkkRDOXHb4AuZ7Qs500VhLt9q0T\",\"secret_live_key\":\"sk_test_it2PRAUE2BMHQnzYwQgUWubo00O9DDTTKG\"}]', 'b4a400534e3cb0dfed8d7c8f66b33ac7', 1),
(17, 'Shubham', 'Lade', 'shubham.lade95@gmail.com', '7c4a8d09ca3762af61e59520943dc26494f8941b', '{\"facebook\":\"\",\"twitter\":\"\",\"linkedin\":\"\"}', '', 2, 1578575394, 1578575738, '[]', '[]', NULL, '[{\"production_client_id\":\"\"}]', '[{\"public_live_key\":\"\",\"secret_live_key\":\"\"}]', 'a30764998a428ba55cbaec4a9cbfab28', 1);

--
-- Indexes for dumped tables
--

--
-- Indexes for table `category`
--
ALTER TABLE `category`
  ADD PRIMARY KEY (`id`);

--
-- Indexes for table `comment`
--
ALTER TABLE `comment`
  ADD PRIMARY KEY (`id`);

--
-- Indexes for table `course`
--
ALTER TABLE `course`
  ADD PRIMARY KEY (`id`);

--
-- Indexes for table `currency`
--
ALTER TABLE `currency`
  ADD PRIMARY KEY (`id`);

--
-- Indexes for table `enrol`
--
ALTER TABLE `enrol`
  ADD PRIMARY KEY (`id`);

--
-- Indexes for table `frontend_settings`
--
ALTER TABLE `frontend_settings`
  ADD PRIMARY KEY (`id`);

--
-- Indexes for table `language`
--
ALTER TABLE `language`
  ADD PRIMARY KEY (`phrase_id`);

--
-- Indexes for table `lesson`
--
ALTER TABLE `lesson`
  ADD PRIMARY KEY (`id`);

--
-- Indexes for table `message`
--
ALTER TABLE `message`
  ADD PRIMARY KEY (`message_id`);

--
-- Indexes for table `message_thread`
--
ALTER TABLE `message_thread`
  ADD PRIMARY KEY (`message_thread_id`);

--
-- Indexes for table `payment`
--
ALTER TABLE `payment`
  ADD PRIMARY KEY (`id`);

--
-- Indexes for table `question`
--
ALTER TABLE `question`
  ADD PRIMARY KEY (`id`);

--
-- Indexes for table `rating`
--
ALTER TABLE `rating`
  ADD PRIMARY KEY (`id`);

--
-- Indexes for table `report_manager`
--
ALTER TABLE `report_manager`
  ADD PRIMARY KEY (`report_manager_id`);

--
-- Indexes for table `role`
--
ALTER TABLE `role`
  ADD PRIMARY KEY (`id`);

--
-- Indexes for table `section`
--
ALTER TABLE `section`
  ADD PRIMARY KEY (`id`);

--
-- Indexes for table `settings`
--
ALTER TABLE `settings`
  ADD PRIMARY KEY (`id`);

--
-- Indexes for table `tag`
--
ALTER TABLE `tag`
  ADD PRIMARY KEY (`id`);

--
-- Indexes for table `trainer`
--
ALTER TABLE `trainer`
  ADD PRIMARY KEY (`trainer_id`);

--
-- Indexes for table `users`
--
ALTER TABLE `users`
  ADD PRIMARY KEY (`id`);

--
-- AUTO_INCREMENT for dumped tables
--

--
-- AUTO_INCREMENT for table `category`
--
ALTER TABLE `category`
  MODIFY `id` int(11) UNSIGNED NOT NULL AUTO_INCREMENT, AUTO_INCREMENT=117;
--
-- AUTO_INCREMENT for table `comment`
--
ALTER TABLE `comment`
  MODIFY `id` int(11) UNSIGNED NOT NULL AUTO_INCREMENT;
--
-- AUTO_INCREMENT for table `course`
--
ALTER TABLE `course`
  MODIFY `id` int(11) UNSIGNED NOT NULL AUTO_INCREMENT, AUTO_INCREMENT=31;
--
-- AUTO_INCREMENT for table `currency`
--
ALTER TABLE `currency`
  MODIFY `id` int(11) NOT NULL AUTO_INCREMENT, AUTO_INCREMENT=113;
--
-- AUTO_INCREMENT for table `enrol`
--
ALTER TABLE `enrol`
  MODIFY `id` int(11) UNSIGNED NOT NULL AUTO_INCREMENT, AUTO_INCREMENT=27;
--
-- AUTO_INCREMENT for table `frontend_settings`
--
ALTER TABLE `frontend_settings`
  MODIFY `id` int(11) UNSIGNED NOT NULL AUTO_INCREMENT, AUTO_INCREMENT=14;
--
-- AUTO_INCREMENT for table `language`
--
ALTER TABLE `language`
  MODIFY `phrase_id` int(11) NOT NULL AUTO_INCREMENT, AUTO_INCREMENT=594;
--
-- AUTO_INCREMENT for table `lesson`
--
ALTER TABLE `lesson`
  MODIFY `id` int(11) UNSIGNED NOT NULL AUTO_INCREMENT, AUTO_INCREMENT=21;
--
-- AUTO_INCREMENT for table `message`
--
ALTER TABLE `message`
  MODIFY `message_id` int(11) NOT NULL AUTO_INCREMENT, AUTO_INCREMENT=7;
--
-- AUTO_INCREMENT for table `message_thread`
--
ALTER TABLE `message_thread`
  MODIFY `message_thread_id` int(11) NOT NULL AUTO_INCREMENT, AUTO_INCREMENT=4;
--
-- AUTO_INCREMENT for table `payment`
--
ALTER TABLE `payment`
  MODIFY `id` int(11) UNSIGNED NOT NULL AUTO_INCREMENT, AUTO_INCREMENT=15;
--
-- AUTO_INCREMENT for table `question`
--
ALTER TABLE `question`
  MODIFY `id` int(11) UNSIGNED NOT NULL AUTO_INCREMENT, AUTO_INCREMENT=10;
--
-- AUTO_INCREMENT for table `rating`
--
ALTER TABLE `rating`
  MODIFY `id` int(11) UNSIGNED NOT NULL AUTO_INCREMENT, AUTO_INCREMENT=3;
--
-- AUTO_INCREMENT for table `report_manager`
--
ALTER TABLE `report_manager`
  MODIFY `report_manager_id` int(8) NOT NULL AUTO_INCREMENT, AUTO_INCREMENT=2;
--
-- AUTO_INCREMENT for table `role`
--
ALTER TABLE `role`
  MODIFY `id` int(11) UNSIGNED NOT NULL AUTO_INCREMENT, AUTO_INCREMENT=4;
--
-- AUTO_INCREMENT for table `section`
--
ALTER TABLE `section`
  MODIFY `id` int(11) NOT NULL AUTO_INCREMENT, AUTO_INCREMENT=13;
--
-- AUTO_INCREMENT for table `settings`
--
ALTER TABLE `settings`
  MODIFY `id` int(11) UNSIGNED NOT NULL AUTO_INCREMENT, AUTO_INCREMENT=32;
--
-- AUTO_INCREMENT for table `tag`
--
ALTER TABLE `tag`
  MODIFY `id` int(11) UNSIGNED NOT NULL AUTO_INCREMENT;
--
-- AUTO_INCREMENT for table `trainer`
--
ALTER TABLE `trainer`
  MODIFY `trainer_id` int(8) NOT NULL AUTO_INCREMENT, AUTO_INCREMENT=2;
--
-- AUTO_INCREMENT for table `users`
--
ALTER TABLE `users`
  MODIFY `id` int(11) UNSIGNED NOT NULL AUTO_INCREMENT, AUTO_INCREMENT=18;
/*!40101 SET CHARACTER_SET_CLIENT=@OLD_CHARACTER_SET_CLIENT */;
/*!40101 SET CHARACTER_SET_RESULTS=@OLD_CHARACTER_SET_RESULTS */;
/*!40101 SET COLLATION_CONNECTION=@OLD_COLLATION_CONNECTION */;
